Workbook

Sheet Executive_Summary
A1: Preguntas contestadas.
A3: Costos totales de transporte para el torneo | D3: =SUM(Calculation_Engine!$L$136:$L$159) -> 22587
A7: Costo totales de los favoritos
A8: Meda Maddix | D8: =SUMIF(Calculation_Engine!$A$136:$A$159,A8,Calculation_Engine!$L$136:$L$159) -> 1682
A9: Gaynell Lehrman | D9: =SUMIF(Calculation_Engine!$A$136:$A$159,A9,Calculation_Engine!$L$136:$L$159) -> 1130
A10: Keri Wetzel | D10: =SUMIF(Calculation_Engine!$A$136:$A$159,A10,Calculation_Engine!$L$136:$L$159) -> 1375
A11: Shaunte Osorio | D11: =SUMIF(Calculation_Engine!$A$136:$A$159,A11,Calculation_Engine!$L$136:$L$159) -> 1414
A12: Ivana Hage | D12: =SUMIF(Calculation_Engine!$A$136:$A$159,A12,Calculation_Engine!$L$136:$L$159) -> 980
A13: Paulina Mckinny | D13: =SUMIF(Calculation_Engine!$A$136:$A$159,A13,Calculation_Engine!$L$136:$L$159) -> 1007
A14: Bette Priddy | D14: =SUMIF(Calculation_Engine!$A$136:$A$159,A14,Calculation_Engine!$L$136:$L$159) -> 1232
A19: Costos Totales de los principales lugares
A20: Mulhalla Falls | B20: 7 | D20: =SUMIF(Calculation_Engine!$C$106:$K$130,Executive_Summary!B20,Calculation_Engine!$C$135:$L$159) -> 1701
A21: Cronberg Gorge | B21: 6 | D21: =SUMIF(Calculation_Engine!$C$106:$K$130,Executive_Summary!B21,Calculation_Engine!$C$135:$L$159) -> 1584
A22: Falken Woods | B22: 5 | D22: =SUMIF(Calculation_Engine!$C$106:$K$130,Executive_Summary!B22,Calculation_Engine!$C$135:$L$159) -> 1578
A26: Costos totales de transporte si empezamos en Orange Grove | D26: =SUM(Calculation_Engine!$L$200:$L$223) -> 21865

Sheet Calculation_Engine
A2: Conteo de Juegos y Ubicación por Competidor
A3: Competidora 1 | B3: Competidora 2 | C3: Lugar | D3: # de Juego para comp 1 | E3: # de Juego para comp 2 | F3: # de Lugar
A4: Gaynell Lehrman | B4: Ivana Hage | C4: Dome Rock | D4: =COUNTIF($A$4:$B4,A4) -> 1 | E4: =COUNTIF($A$4:$B4,B4) -> 1 | F4: =_xlfn.XLOOKUP(C4,Calculation_Engine!$O$78:$O$89,Raw_Data!$E$9:$E$20,0,0) -> 1
A5: Keri Wetzel | B5: Bette Priddy | C5: Orange Grove | D5: =COUNTIF($A$4:$B5,A5) -> 1 | E5: =COUNTIF($A$4:$B5,B5) -> 1 | F5: =_xlfn.XLOOKUP(C5,Calculation_Engine!$O$78:$O$89,Raw_Data!$E$9:$E$20,0,0) -> 2
A6: Meda Maddix | B6: Shavonda Spooner | C6: Lemon Field | D6: =COUNTIF($A$4:$B6,A6) -> 1 | E6: =COUNTIF($A$4:$B6,B6) -> 1 | F6: =_xlfn.XLOOKUP(C6,Calculation_Engine!$O$78:$O$89,Raw_Data!$E$9:$E$20,0,0) -> 3
A7: Shaunte Osorio | B7: Paulina Mckinny | C7: Sunken Hill | D7: =COUNTIF($A$4:$B7,A7) -> 1 | E7: =COUNTIF($A$4:$B7,B7) -> 1 | F7: =_xlfn.XLOOKUP(C7,Calculation_Engine!$O$78:$O$89,Raw_Data!$E$9:$E$20,0,0) -> 4
A8: Sulema Hyre | B8: Ute Volpe | C8: Falken Woods | D8: =COUNTIF($A$4:$B8,A8) -> 1 | E8: =COUNTIF($A$4:$B8,B8) -> 1 | F8: =_xlfn.XLOOKUP(C8,Calculation_Engine!$O$78:$O$89,Raw_Data!$E$9:$E$20,0,0) -> 5
A9: Ivelisse Ellenwood | B9: Simona Baumeister | C9: Cronberg Gorge | D9: =COUNTIF($A$4:$B9,A9) -> 1 | E9: =COUNTIF($A$4:$B9,B9) -> 1 | F9: =_xlfn.XLOOKUP(C9,Calculation_Engine!$O$78:$O$89,Raw_Data!$E$9:$E$20,0,0) -> 6
A10: Christin Gladding | B10: Tiana Munoz | C10: Mulhalla Falls | D10: =COUNTIF($A$4:$B10,A10) -> 1 | E10: =COUNTIF($A$4:$B10,B10) -> 1 | F10: =_xlfn.XLOOKUP(C10,Calculation_Engine!$O$78:$O$89,Raw_Data!$E$9:$E$20,0,0) -> 7
A11: Senaida Glanz | B11: Emmie Baugher | C11: Matier Range | D11: =COUNTIF($A$4:$B11,A11) -> 1 | E11: =COUNTIF($A$4:$B11,B11) -> 1 | F11: =_xlfn.XLOOKUP(C11,Calculation_Engine!$O$78:$O$89,Raw_Data!$E$9:$E$20,0,0) -> 8
A12: Dorthey Magruder | B12: Lashanda Pangborn | C12: Lake Guideon | D12: =COUNTIF($A$4:$B12,A12) -> 1 | E12: =COUNTIF($A$4:$B12,B12) -> 1 | F12: =_xlfn.XLOOKUP(C12,Calculation_Engine!$O$78:$O$89,Raw_Data!$E$9:$E$20,0,0) -> 9
A13: Lue Rocheleau | B13: Taisha Kauppi | C13: Red Creek | D13: =COUNTIF($A$4:$B13,A13) -> 1 | E13: =COUNTIF($A$4:$B13,B13) -> 1 | F13: =_xlfn.XLOOKUP(C13,Calculation_Engine!$O$78:$O$89,Raw_Data!$E$9:$E$20,0,0) -> 10
A14: Katharina Housman | B14: Amal Bunt | C14: Clarkson Town | D14: =COUNTIF($A$4:$B14,A14) -> 1 | E14: =COUNTIF($A$4:$B14,B14) -> 1 | F14: =_xlfn.XLOOKUP(C14,Calculation_Engine!$O$78:$O$89,Raw_Data!$E$9:$E$20,0,0) -> 11
A15: Jenniffer Berumen | B15: Marylynn Emmer | C15: Boiling Pools | D15: =COUNTIF($A$4:$B15,A15) -> 1 | E15: =COUNTIF($A$4:$B15,B15) -> 1 | F15: =_xlfn.XLOOKUP(C15,Calculation_Engine!$O$78:$O$89,Raw_Data!$E$9:$E$20,0,0) -> 12
... A70: Gaynell Lehrman | B70: Meda Maddix | C70: Mulhalla Falls | D70: =COUNTIF($A$4:$B70,A70) -> 8 | E70: =COUNTIF($A$4:$B70,B70) -> 8 | F70: =_xlfn.XLOOKUP(C70,Calculation_Engine!$O$78:$O$89,Raw_Data!$E$9:$E$20,0,0) -> 7
A76: Progresión de Competidores Por Ronda
B77: Inicio | C77: 1 | D77: 2 | E77: 3 | F77: 4 | G77: 5 | H77: 6 | I77: 7 | J77: 8 | K77: Fin | N77: Numero. | O77: Ubicaciones
A78: Gaynell Lehrman | B78: 11 | C78: =SUMIFS($F$3:$F$70,$D$3:$D$70,C$77,$A$3:$A$70,$A78)+SUMIFS($F$3:$F$70,$E$3:$E$70,C$77,$B$3:$B$70,$A78) -> 1 | D78: =SUMIFS($F$3:$F$70,$D$3:$D$70,D$77,$A$3:$A$70,$A78)+SUMIFS($F$3:$F$70,$E$3:$E$70,D$77,$B$3:$B$70,$A78) -> 1 | E78: =SUMIFS($F$3:$F$70,$D$3:$D$70,E$77,$A$3:$A$70,$A78)+SUMIFS($F$3:$F$70,$E$3:$E$70,E$77,$B$3:$B$70,$A78) -> 9 | F78: =SUMIFS($F$3:$F$70,$D$3:$D$70,F$77,$A$3:$A$70,$A78)+SUMIFS($F$3:$F$70,$E$3:$E$70,F$77,$B$3:$B$70,$A78) -> 1 | G78: =SUMIFS($F$3:$F$70,$D$3:$D$70,G$77,$A$3:$A$70,$A78)+SUMIFS($F$3:$F$70,$E$3:$E$70,G$77,$B$3:$B$70,$A78) -> 9 | H78: =SUMIFS($F$3:$F$70,$D$3:$D$70,H$77,$A$3:$A$70,$A78)+SUMIFS($F$3:$F$70,$E$3:$E$70,H$77,$B$3:$B$70,$A78) -> 1 | I78: =SUMIFS($F$3:$F$70,$D$3:$D$70,I$77,$A$3:$A$70,$A78)+SUMIFS($F$3:$F$70,$E$3:$E$70,I$77,$B$3:$B$70,$A78) -> 5 | J78: =SUMIFS($F$3:$F$70,$D$3:$D$70,J$77,$A$3:$A$70,$A78)+SUMIFS($F$3:$F$70,$E$3:$E$70,J$77,$B$3:$B$70,$A78) -> 7 | K78: 11 | N78: 1 | O78: Dome Rock
A79: Meda Maddix | B79: 11 | C79: =SUMIFS($F$3:$F$70,$D$3:$D$70,C$77,$A$3:$A$70,$A79)+SUMIFS($F$3:$F$70,$E$3:$E$70,C$77,$B$3:$B$70,$A79) -> 3 | D79: =SUMIFS($F$3:$F$70,$D$3:$D$70,D$77,$A$3:$A$70,$A79)+SUMIFS($F$3:$F$70,$E$3:$E$70,D$77,$B$3:$B$70,$A79) -> 3 | E79: =SUMIFS($F$3:$F$70,$D$3:$D$70,E$77,$A$3:$A$70,$A79)+SUMIFS($F$3:$F$70,$E$3:$E$70,E$77,$B$3:$B$70,$A79) -> 11 | F79: =SUMIFS($F$3:$F$70,$D$3:$D$70,F$77,$A$3:$A$70,$A79)+SUMIFS($F$3:$F$70,$E$3:$E$70,F$77,$B$3:$B$70,$A79) -> 3 | G79: =SUMIFS($F$3:$F$70,$D$3:$D$70,G$77,$A$3:$A$70,$A79)+SUMIFS($F$3:$F$70,$E$3:$E$70,G$77,$B$3:$B$70,$A79) -> 11 | H79: =SUMIFS($F$3:$F$70,$D$3:$D$70,H$77,$A$3:$A$70,$A79)+SUMIFS($F$3:$F$70,$E$3:$E$70,H$77,$B$3:$B$70,$A79) -> 2 | I79: =SUMIFS($F$3:$F$70,$D$3:$D$70,I$77,$A$3:$A$70,$A79)+SUMIFS($F$3:$F$70,$E$3:$E$70,I$77,$B$3:$B$70,$A79) -> 6 | J79: =SUMIFS($F$3:$F$70,$D$3:$D$70,J$77,$A$3:$A$70,$A79)+SUMIFS($F$3:$F$70,$E$3:$E$70,J$77,$B$3:$B$70,$A79) -> 7 | K79: 11 | N79: 2 | O79: Orange Grove
A80: Keri Wetzel | B80: 11 | C80: =SUMIFS($F$3:$F$70,$D$3:$D$70,C$77,$A$3:$A$70,$A80)+SUMIFS($F$3:$F$70,$E$3:$E$70,C$77,$B$3:$B$70,$A80) -> 2 | D80: =SUMIFS($F$3:$F$70,$D$3:$D$70,D$77,$A$3:$A$70,$A80)+SUMIFS($F$3:$F$70,$E$3:$E$70,D$77,$B$3:$B$70,$A80) -> 2 | E80: =SUMIFS($F$3:$F$70,$D$3:$D$70,E$77,$A$3:$A$70,$A80)+SUMIFS($F$3:$F$70,$E$3:$E$70,E$77,$B$3:$B$70,$A80) -> 10 | F80: =SUMIFS($F$3:$F$70,$D$3:$D$70,F$77,$A$3:$A$70,$A80)+SUMIFS($F$3:$F$70,$E$3:$E$70,F$77,$B$3:$B$70,$A80) -> 2 | G80: =SUMIFS($F$3:$F$70,$D$3:$D$70,G$77,$A$3:$A$70,$A80)+SUMIFS($F$3:$F$70,$E$3:$E$70,G$77,$B$3:$B$70,$A80) -> 10 | H80: =SUMIFS($F$3:$F$70,$D$3:$D$70,H$77,$A$3:$A$70,$A80)+SUMIFS($F$3:$F$70,$E$3:$E$70,H$77,$B$3:$B$70,$A80) -> 3 | I80: =SUMIFS($F$3:$F$70,$D$3:$D$70,I$77,$A$3:$A$70,$A80)+SUMIFS($F$3:$F$70,$E$3:$E$70,I$77,$B$3:$B$70,$A80) -> 6 | J80: =SUMIFS($F$3:$F$70,$D$3:$D$70,J$77,$A$3:$A$70,$A80)+SUMIFS($F$3:$F$70,$E$3:$E$70,J$77,$B$3:$B$70,$A80) -> 0 | K80: 11 | N80: 3 | O80: Lemon Field
A81: Shaunte Osorio | B81: 11 | C81: =SUMIFS($F$3:$F$70,$D$3:$D$70,C$77,$A$3:$A$70,$A81)+SUMIFS($F$3:$F$70,$E$3:$E$70,C$77,$B$3:$B$70,$A81) -> 4 | D81: =SUMIFS($F$3:$F$70,$D$3:$D$70,D$77,$A$3:$A$70,$A81)+SUMIFS($F$3:$F$70,$E$3:$E$70,D$77,$B$3:$B$70,$A81) -> 4 | E81: =SUMIFS($F$3:$F$70,$D$3:$D$70,E$77,$A$3:$A$70,$A81)+SUMIFS($F$3:$F$70,$E$3:$E$70,E$77,$B$3:$B$70,$A81) -> 12 | F81: =SUMIFS($F$3:$F$70,$D$3:$D$70,F$77,$A$3:$A$70,$A81)+SUMIFS($F$3:$F$70,$E$3:$E$70,F$77,$B$3:$B$70,$A81) -> 4 | G81: =SUMIFS($F$3:$F$70,$D$3:$D$70,G$77,$A$3:$A$70,$A81)+SUMIFS($F$3:$F$70,$E$3:$E$70,G$77,$B$3:$B$70,$A81) -> 12 | H81: =SUMIFS($F$3:$F$70,$D$3:$D$70,H$77,$A$3:$A$70,$A81)+SUMIFS($F$3:$F$70,$E$3:$E$70,H$77,$B$3:$B$70,$A81) -> 4 | I81: =SUMIFS($F$3:$F$70,$D$3:$D$70,I$77,$A$3:$A$70,$A81)+SUMIFS($F$3:$F$70,$E$3:$E$70,I$77,$B$3:$B$70,$A81) -> 5 | J81: =SUMIFS($F$3:$F$70,$D$3:$D$70,J$77,$A$3:$A$70,$A81)+SUMIFS($F$3:$F$70,$E$3:$E$70,J$77,$B$3:$B$70,$A81) -> 0 | K81: 11 | N81: 4 | O81: Sunken Hill
A82: Ivana Hage | B82: 11 | C82: =SUMIFS($F$3:$F$70,$D$3:$D$70,C$77,$A$3:$A$70,$A82)+SUMIFS($F$3:$F$70,$E$3:$E$70,C$77,$B$3:$B$70,$A82) -> 1 | D82: =SUMIFS($F$3:$F$70,$D$3:$D$70,D$77,$A$3:$A$70,$A82)+SUMIFS($F$3:$F$70,$E$3:$E$70,D$77,$B$3:$B$70,$A82) -> 5 | E82: =SUMIFS($F$3:$F$70,$D$3:$D$70,E$77,$A$3:$A$70,$A82)+SUMIFS($F$3:$F$70,$E$3:$E$70,E$77,$B$3:$B$70,$A82) -> 5 | F82: =SUMIFS($F$3:$F$70,$D$3:$D$70,F$77,$A$3:$A$70,$A82)+SUMIFS($F$3:$F$70,$E$3:$E$70,F$77,$B$3:$B$70,$A82) -> 1 | G82: =SUMIFS($F$3:$F$70,$D$3:$D$70,G$77,$A$3:$A$70,$A82)+SUMIFS($F$3:$F$70,$E$3:$E$70,G$77,$B$3:$B$70,$A82) -> 5 | H82: =SUMIFS($F$3:$F$70,$D$3:$D$70,H$77,$A$3:$A$70,$A82)+SUMIFS($F$3:$F$70,$E$3:$E$70,H$77,$B$3:$B$70,$A82) -> 4 | I82: =SUMIFS($F$3:$F$70,$D$3:$D$70,I$77,$A$3:$A$70,$A82)+SUMIFS($F$3:$F$70,$E$3:$E$70,I$77,$B$3:$B$70,$A82) -> 0 | J82: =SUMIFS($F$3:$F$70,$D$3:$D$70,J$77,$A$3:$A$70,$A82)+SUMIFS($F$3:$F$70,$E$3:$E$70,J$77,$B$3:$B$70,$A82) -> 0 | K82: 11 | N82: 5 | O82: Falken Woods
A83: Shavonda Spooner | B83: 11 | C83: =SUMIFS($F$3:$F$70,$D$3:$D$70,C$77,$A$3:$A$70,$A83)+SUMIFS($F$3:$F$70,$E$3:$E$70,C$77,$B$3:$B$70,$A83) -> 3 | D83: =SUMIFS($F$3:$F$70,$D$3:$D$70,D$77,$A$3:$A$70,$A83)+SUMIFS($F$3:$F$70,$E$3:$E$70,D$77,$B$3:$B$70,$A83) -> 7 | E83: =SUMIFS($F$3:$F$70,$D$3:$D$70,E$77,$A$3:$A$70,$A83)+SUMIFS($F$3:$F$70,$E$3:$E$70,E$77,$B$3:$B$70,$A83) -> 7 | F83: =SUMIFS($F$3:$F$70,$D$3:$D$70,F$77,$A$3:$A$70,$A83)+SUMIFS($F$3:$F$70,$E$3:$E$70,F$77,$B$3:$B$70,$A83) -> 3 | G83: =SUMIFS($F$3:$F$70,$D$3:$D$70,G$77,$A$3:$A$70,$A83)+SUMIFS($F$3:$F$70,$E$3:$E$70,G$77,$B$3:$B$70,$A83) -> 7 | H83: =SUMIFS($F$3:$F$70,$D$3:$D$70,H$77,$A$3:$A$70,$A83)+SUMIFS($F$3:$F$70,$E$3:$E$70,H$77,$B$3:$B$70,$A83) -> 3 | I83: =SUMIFS($F$3:$F$70,$D$3:$D$70,I$77,$A$3:$A$70,$A83)+SUMIFS($F$3:$F$70,$E$3:$E$70,I$77,$B$3:$B$70,$A83) -> 0 | J83: =SUMIFS($F$3:$F$70,$D$3:$D$70,J$77,$A$3:$A$70,$A83)+SUMIFS($F$3:$F$70,$E$3:$E$70,J$77,$B$3:$B$70,$A83) -> 0 | K83: 11 | N83: 6 | O83: Cronberg Gorge
A84: Bette Priddy | B84: 11 | C84: =SUMIFS($F$3:$F$70,$D$3:$D$70,C$77,$A$3:$A$70,$A84)+SUMIFS($F$3:$F$70,$E$3:$E$70,C$77,$B$3:$B$70,$A84) -> 2 | D84: =SUMIFS($F$3:$F$70,$D$3:$D$70,D$77,$A$3:$A$70,$A84)+SUMIFS($F$3:$F$70,$E$3:$E$70,D$77,$B$3:$B$70,$A84) -> 6 | E84: =SUMIFS($F$3:$F$70,$D$3:$D$70,E$77,$A$3:$A$70,$A84)+SUMIFS($F$3:$F$70,$E$3:$E$70,E$77,$B$3:$B$70,$A84) -> 6 | F84: =SUMIFS($F$3:$F$70,$D$3:$D$70,F$77,$A$3:$A$70,$A84)+SUMIFS($F$3:$F$70,$E$3:$E$70,F$77,$B$3:$B$70,$A84) -> 2 | G84: =SUMIFS($F$3:$F$70,$D$3:$D$70,G$77,$A$3:$A$70,$A84)+SUMIFS($F$3:$F$70,$E$3:$E$70,G$77,$B$3:$B$70,$A84) -> 6 | H84: =SUMIFS($F$3:$F$70,$D$3:$D$70,H$77,$A$3:$A$70,$A84)+SUMIFS($F$3:$F$70,$E$3:$E$70,H$77,$B$3:$B$70,$A84) -> 2 | I84: =SUMIFS($F$3:$F$70,$D$3:$D$70,I$77,$A$3:$A$70,$A84)+SUMIFS($F$3:$F$70,$E$3:$E$70,I$77,$B$3:$B$70,$A84) -> 0 | J84: =SUMIFS($F$3:$F$70,$D$3:$D$70,J$77,$A$3:$A$70,$A84)+SUMIFS($F$3:$F$70,$E$3:$E$70,J$77,$B$3:$B$70,$A84) -> 0 | K84: 11 | N84: 7 | O84: Mulhalla Falls
A85: Paulina Mckinny | B85: 11 | C85: =SUMIFS($F$3:$F$70,$D$3:$D$70,C$77,$A$3:$A$70,$A85)+SUMIFS($F$3:$F$70,$E$3:$E$70,C$77,$B$3:$B$70,$A85) -> 4 | D85: =SUMIFS($F$3:$F$70,$D$3:$D$70,D$77,$A$3:$A$70,$A85)+SUMIFS($F$3:$F$70,$E$3:$E$70,D$77,$B$3:$B$70,$A85) -> 8 | E85: =SUMIFS($F$3:$F$70,$D$3:$D$70,E$77,$A$3:$A$70,$A85)+SUMIFS($F$3:$F$70,$E$3:$E$70,E$77,$B$3:$B$70,$A85) -> 8 | F85: =SUMIFS($F$3:$F$70,$D$3:$D$70,F$77,$A$3:$A$70,$A85)+SUMIFS($F$3:$F$70,$E$3:$E$70,F$77,$B$3:$B$70,$A85) -> 4 | G85: =SUMIFS($F$3:$F$70,$D$3:$D$70,G$77,$A$3:$A$70,$A85)+SUMIFS($F$3:$F$70,$E$3:$E$70,G$77,$B$3:$B$70,$A85) -> 8 | H85: =SUMIFS($F$3:$F$70,$D$3:$D$70,H$77,$A$3:$A$70,$A85)+SUMIFS($F$3:$F$70,$E$3:$E$70,H$77,$B$3:$B$70,$A85) -> 1 | I85: =SUMIFS($F$3:$F$70,$D$3:$D$70,I$77,$A$3:$A$70,$A85)+SUMIFS($F$3:$F$70,$E$3:$E$70,I$77,$B$3:$B$70,$A85) -> 0 | J85: =SUMIFS($F$3:$F$70,$D$3:$D$70,J$77,$A$3:$A$70,$A85)+SUMIFS($F$3:$F$70,$E$3:$E$70,J$77,$B$3:$B$70,$A85) -> 0 | K85: 11 | N85: 8 | O85: Matier Range
A86: Sulema Hyre | B86: 11 | C86: =SUMIFS($F$3:$F$70,$D$3:$D$70,C$77,$A$3:$A$70,$A86)+SUMIFS($F$3:$F$70,$E$3:$E$70,C$77,$B$3:$B$70,$A86) -> 5 | D86: =SUMIFS($F$3:$F$70,$D$3:$D$70,D$77,$A$3:$A$70,$A86)+SUMIFS($F$3:$F$70,$E$3:$E$70,D$77,$B$3:$B$70,$A86) -> 1 | E86: =SUMIFS($F$3:$F$70,$D$3:$D$70,E$77,$A$3:$A$70,$A86)+SUMIFS($F$3:$F$70,$E$3:$E$70,E$77,$B$3:$B$70,$A86) -> 9 | F86: =SUMIFS($F$3:$F$70,$D$3:$D$70,F$77,$A$3:$A$70,$A86)+SUMIFS($F$3:$F$70,$E$3:$E$70,F$77,$B$3:$B$70,$A86) -> 9 | G86: =SUMIFS($F$3:$F$70,$D$3:$D$70,G$77,$A$3:$A$70,$A86)+SUMIFS($F$3:$F$70,$E$3:$E$70,G$77,$B$3:$B$70,$A86) -> 5 | H86: =SUMIFS($F$3:$F$70,$D$3:$D$70,H$77,$A$3:$A$70,$A86)+SUMIFS($F$3:$F$70,$E$3:$E$70,H$77,$B$3:$B$70,$A86) -> 0 | I86: =SUMIFS($F$3:$F$70,$D$3:$D$70,I$77,$A$3:$A$70,$A86)+SUMIFS($F$3:$F$70,$E$3:$E$70,I$77,$B$3:$B$70,$A86) -> 0 | J86: =SUMIFS($F$3:$F$70,$D$3:$D$70,J$77,$A$3:$A$70,$A86)+SUMIFS($F$3:$F$70,$E$3:$E$70,J$77,$B$3:$B$70,$A86) -> 0 | K86: 11 | N86: 9 | O86: Lake Guideon
A87: Christin Gladding | B87: 11 | C87: =SUMIFS($F$3:$F$70,$D$3:$D$70,C$77,$A$3:$A$70,$A87)+SUMIFS($F$3:$F$70,$E$3:$E$70,C$77,$B$3:$B$70,$A87) -> 7 | D87: =SUMIFS($F$3:$F$70,$D$3:$D$70,D$77,$A$3:$A$70,$A87)+SUMIFS($F$3:$F$70,$E$3:$E$70,D$77,$B$3:$B$70,$A87) -> 3 | E87: =SUMIFS($F$3:$F$70,$D$3:$D$70,E$77,$A$3:$A$70,$A87)+SUMIFS($F$3:$F$70,$E$3:$E$70,E$77,$B$3:$B$70,$A87) -> 11 | F87: =SUMIFS($F$3:$F$70,$D$3:$D$70,F$77,$A$3:$A$70,$A87)+SUMIFS($F$3:$F$70,$E$3:$E$70,F$77,$B$3:$B$70,$A87) -> 11 | G87: =SUMIFS($F$3:$F$70,$D$3:$D$70,G$77,$A$3:$A$70,$A87)+SUMIFS($F$3:$F$70,$E$3:$E$70,G$77,$B$3:$B$70,$A87) -> 7 | H87: =SUMIFS($F$3:$F$70,$D$3:$D$70,H$77,$A$3:$A$70,$A87)+SUMIFS($F$3:$F$70,$E$3:$E$70,H$77,$B$3:$B$70,$A87) -> 0 | I87: =SUMIFS($F$3:$F$70,$D$3:$D$70,I$77,$A$3:$A$70,$A87)+SUMIFS($F$3:$F$70,$E$3:$E$70,I$77,$B$3:$B$70,$A87) -> 0 | J87: =SUMIFS($F$3:$F$70,$D$3:$D$70,J$77,$A$3:$A$70,$A87)+SUMIFS($F$3:$F$70,$E$3:$E$70,J$77,$B$3:$B$70,$A87) -> 0 | K87: 11 | N87: 10 | O87: Red Creek
A88: Ivelisse Ellenwood | B88: 11 | C88: =SUMIFS($F$3:$F$70,$D$3:$D$70,C$77,$A$3:$A$70,$A88)+SUMIFS($F$3:$F$70,$E$3:$E$70,C$77,$B$3:$B$70,$A88) -> 6 | D88: =SUMIFS($F$3:$F$70,$D$3:$D$70,D$77,$A$3:$A$70,$A88)+SUMIFS($F$3:$F$70,$E$3:$E$70,D$77,$B$3:$B$70,$A88) -> 2 | E88: =SUMIFS($F$3:$F$70,$D$3:$D$70,E$77,$A$3:$A$70,$A88)+SUMIFS($F$3:$F$70,$E$3:$E$70,E$77,$B$3:$B$70,$A88) -> 10 | F88: =SUMIFS($F$3:$F$70,$D$3:$D$70,F$77,$A$3:$A$70,$A88)+SUMIFS($F$3:$F$70,$E$3:$E$70,F$77,$B$3:$B$70,$A88) -> 10 | G88: =SUMIFS($F$3:$F$70,$D$3:$D$70,G$77,$A$3:$A$70,$A88)+SUMIFS($F$3:$F$70,$E$3:$E$70,G$77,$B$3:$B$70,$A88) -> 6 | H88: =SUMIFS($F$3:$F$70,$D$3:$D$70,H$77,$A$3:$A$70,$A88)+SUMIFS($F$3:$F$70,$E$3:$E$70,H$77,$B$3:$B$70,$A88) -> 0 | I88: =SUMIFS($F$3:$F$70,$D$3:$D$70,I$77,$A$3:$A$70,$A88)+SUMIFS($F$3:$F$70,$E$3:$E$70,I$77,$B$3:$B$70,$A88) -> 0 | J88: =SUMIFS($F$3:$F$70,$D$3:$D$70,J$77,$A$3:$A$70,$A88)+SUMIFS($F$3:$F$70,$E$3:$E$70,J$77,$B$3:$B$70,$A88) -> 0 | K88: 11 | N88: 11 | O88: Clarkson Town
A89: Senaida Glanz | B89: 11 | C89: =SUMIFS($F$3:$F$70,$D$3:$D$70,C$77,$A$3:$A$70,$A89)+SUMIFS($F$3:$F$70,$E$3:$E$70,C$77,$B$3:$B$70,$A89) -> 8 | D89: =SUMIFS($F$3:$F$70,$D$3:$D$70,D$77,$A$3:$A$70,$A89)+SUMIFS($F$3:$F$70,$E$3:$E$70,D$77,$B$3:$B$70,$A89) -> 4 | E89: =SUMIFS($F$3:$F$70,$D$3:$D$70,E$77,$A$3:$A$70,$A89)+SUMIFS($F$3:$F$70,$E$3:$E$70,E$77,$B$3:$B$70,$A89) -> 12 | F89: =SUMIFS($F$3:$F$70,$D$3:$D$70,F$77,$A$3:$A$70,$A89)+SUMIFS($F$3:$F$70,$E$3:$E$70,F$77,$B$3:$B$70,$A89) -> 12 | G89: =SUMIFS($F$3:$F$70,$D$3:$D$70,G$77,$A$3:$A$70,$A89)+SUMIFS($F$3:$F$70,$E$3:$E$70,G$77,$B$3:$B$70,$A89) -> 8 | H89: =SUMIFS($F$3:$F$70,$D$3:$D$70,H$77,$A$3:$A$70,$A89)+SUMIFS($F$3:$F$70,$E$3:$E$70,H$77,$B$3:$B$70,$A89) -> 0 | I89: =SUMIFS($F$3:$F$70,$D$3:$D$70,I$77,$A$3:$A$70,$A89)+SUMIFS($F$3:$F$70,$E$3:$E$70,I$77,$B$3:$B$70,$A89) -> 0 | J89: =SUMIFS($F$3:$F$70,$D$3:$D$70,J$77,$A$3:$A$70,$A89)+SUMIFS($F$3:$F$70,$E$3:$E$70,J$77,$B$3:$B$70,$A89) -> 0 | K89: 11 | N89: 12 | O89: Boiling Pools
A90: Ute Volpe | B90: 11 | C90: =SUMIFS($F$3:$F$70,$D$3:$D$70,C$77,$A$3:$A$70,$A90)+SUMIFS($F$3:$F$70,$E$3:$E$70,C$77,$B$3:$B$70,$A90) -> 5 | D90: =SUMIFS($F$3:$F$70,$D$3:$D$70,D$77,$A$3:$A$70,$A90)+SUMIFS($F$3:$F$70,$E$3:$E$70,D$77,$B$3:$B$70,$A90) -> 5 | E90: =SUMIFS($F$3:$F$70,$D$3:$D$70,E$77,$A$3:$A$70,$A90)+SUMIFS($F$3:$F$70,$E$3:$E$70,E$77,$B$3:$B$70,$A90) -> 1 | F90: =SUMIFS($F$3:$F$70,$D$3:$D$70,F$77,$A$3:$A$70,$A90)+SUMIFS($F$3:$F$70,$E$3:$E$70,F$77,$B$3:$B$70,$A90) -> 9 | G90: =SUMIFS($F$3:$F$70,$D$3:$D$70,G$77,$A$3:$A$70,$A90)+SUMIFS($F$3:$F$70,$E$3:$E$70,G$77,$B$3:$B$70,$A90) -> 5 | H90: =SUMIFS($F$3:$F$70,$D$3:$D$70,H$77,$A$3:$A$70,$A90)+SUMIFS($F$3:$F$70,$E$3:$E$70,H$77,$B$3:$B$70,$A90) -> 0 | I90: =SUMIFS($F$3:$F$70,$D$3:$D$70,I$77,$A$3:$A$70,$A90)+SUMIFS($F$3:$F$70,$E$3:$E$70,I$77,$B$3:$B$70,$A90) -> 0 | J90: =SUMIFS($F$3:$F$70,$D$3:$D$70,J$77,$A$3:$A$70,$A90)+SUMIFS($F$3:$F$70,$E$3:$E$70,J$77,$B$3:$B$70,$A90) -> 0 | K90: 11
A91: Tiana Munoz | B91: 11 | C91: =SUMIFS($F$3:$F$70,$D$3:$D$70,C$77,$A$3:$A$70,$A91)+SUMIFS($F$3:$F$70,$E$3:$E$70,C$77,$B$3:$B$70,$A91) -> 7 | D91: =SUMIFS($F$3:$F$70,$D$3:$D$70,D$77,$A$3:$A$70,$A91)+SUMIFS($F$3:$F$70,$E$3:$E$70,D$77,$B$3:$B$70,$A91) -> 7 | E91: =SUMIFS($F$3:$F$70,$D$3:$D$70,E$77,$A$3:$A$70,$A91)+SUMIFS($F$3:$F$70,$E$3:$E$70,E$77,$B$3:$B$70,$A91) -> 3 | F91: =SUMIFS($F$3:$F$70,$D$3:$D$70,F$77,$A$3:$A$70,$A91)+SUMIFS($F$3:$F$70,$E$3:$E$70,F$77,$B$3:$B$70,$A91) -> 11 | G91: =SUMIFS($F$3:$F$70,$D$3:$D$70,G$77,$A$3:$A$70,$A91)+SUMIFS($F$3:$F$70,$E$3:$E$70,G$77,$B$3:$B$70,$A91) -> 7 | H91: =SUMIFS($F$3:$F$70,$D$3:$D$70,H$77,$A$3:$A$70,$A91)+SUMIFS($F$3:$F$70,$E$3:$E$70,H$77,$B$3:$B$70,$A91) -> 0 | I91: =SUMIFS($F$3:$F$70,$D$3:$D$70,I$77,$A$3:$A$70,$A91)+SUMIFS($F$3:$F$70,$E$3:$E$70,I$77,$B$3:$B$70,$A91) -> 0 | J91: =SUMIFS($F$3:$F$70,$D$3:$D$70,J$77,$A$3:$A$70,$A91)+SUMIFS($F$3:$F$70,$E$3:$E$70,J$77,$B$3:$B$70,$A91) -> 0 | K91: 11
A92: Simona Baumeister | B92: 11 | C92: =SUMIFS($F$3:$F$70,$D$3:$D$70,C$77,$A$3:$A$70,$A92)+SUMIFS($F$3:$F$70,$E$3:$E$70,C$77,$B$3:$B$70,$A92) -> 6 | D92: =SUMIFS($F$3:$F$70,$D$3:$D$70,D$77,$A$3:$A$70,$A92)+SUMIFS($F$3:$F$70,$E$3:$E$70,D$77,$B$3:$B$70,$A92) -> 6 | E92: =SUMIFS($F$3:$F$70,$D$3:$D$70,E$77,$A$3:$A$70,$A92)+SUMIFS($F$3:$F$70,$E$3:$E$70,E$77,$B$3:$B$70,$A92) -> 2 | F92: =SUMIFS($F$3:$F$70,$D$3:$D$70,F$77,$A$3:$A$70,$A92)+SUMIFS($F$3:$F$70,$E$3:$E$70,F$77,$B$3:$B$70,$A92) -> 10 | G92: =SUMIFS($F$3:$F$70,$D$3:$D$70,G$77,$A$3:$A$70,$A92)+SUMIFS($F$3:$F$70,$E$3:$E$70,G$77,$B$3:$B$70,$A92) -> 6 | H92: =SUMIFS($F$3:$F$70,$D$3:$D$70,H$77,$A$3:$A$70,$A92)+SUMIFS($F$3:$F$70,$E$3:$E$70,H$77,$B$3:$B$70,$A92) -> 0 | I92: =SUMIFS($F$3:$F$70,$D$3:$D$70,I$77,$A$3:$A$70,$A92)+SUMIFS($F$3:$F$70,$E$3:$E$70,I$77,$B$3:$B$70,$A92) -> 0 | J92: =SUMIFS($F$3:$F$70,$D$3:$D$70,J$77,$A$3:$A$70,$A92)+SUMIFS($F$3:$F$70,$E$3:$E$70,J$77,$B$3:$B$70,$A92) -> 0 | K92: 11
A93: Emmie Baugher | B93: 11 | C93: =SUMIFS($F$3:$F$70,$D$3:$D$70,C$77,$A$3:$A$70,$A93)+SUMIFS($F$3:$F$70,$E$3:$E$70,C$77,$B$3:$B$70,$A93) -> 8 | D93: =SUMIFS($F$3:$F$70,$D$3:$D$70,D$77,$A$3:$A$70,$A93)+SUMIFS($F$3:$F$70,$E$3:$E$70,D$77,$B$3:$B$70,$A93) -> 8 | E93: =SUMIFS($F$3:$F$70,$D$3:$D$70,E$77,$A$3:$A$70,$A93)+SUMIFS($F$3:$F$70,$E$3:$E$70,E$77,$B$3:$B$70,$A93) -> 4 | F93: =SUMIFS($F$3:$F$70,$D$3:$D$70,F$77,$A$3:$A$70,$A93)+SUMIFS($F$3:$F$70,$E$3:$E$70,F$77,$B$3:$B$70,$A93) -> 12 | G93: =SUMIFS($F$3:$F$70,$D$3:$D$70,G$77,$A$3:$A$70,$A93)+SUMIFS($F$3:$F$70,$E$3:$E$70,G$77,$B$3:$B$70,$A93) -> 8 | H93: =SUMIFS($F$3:$F$70,$D$3:$D$70,H$77,$A$3:$A$70,$A93)+SUMIFS($F$3:$F$70,$E$3:$E$70,H$77,$B$3:$B$70,$A93) -> 0 | I93: =SUMIFS($F$3:$F$70,$D$3:$D$70,I$77,$A$3:$A$70,$A93)+SUMIFS($F$3:$F$70,$E$3:$E$70,I$77,$B$3:$B$70,$A93) -> 0 | J93: =SUMIFS($F$3:$F$70,$D$3:$D$70,J$77,$A$3:$A$70,$A93)+SUMIFS($F$3:$F$70,$E$3:$E$70,J$77,$B$3:$B$70,$A93) -> 0 | K93: 11
A94: Dorthey Magruder | B94: 11 | C94: =SUMIFS($F$3:$F$70,$D$3:$D$70,C$77,$A$3:$A$70,$A94)+SUMIFS($F$3:$F$70,$E$3:$E$70,C$77,$B$3:$B$70,$A94) -> 9 | D94: =SUMIFS($F$3:$F$70,$D$3:$D$70,D$77,$A$3:$A$70,$A94)+SUMIFS($F$3:$F$70,$E$3:$E$70,D$77,$B$3:$B$70,$A94) -> 9 | E94: =SUMIFS($F$3:$F$70,$D$3:$D$70,E$77,$A$3:$A$70,$A94)+SUMIFS($F$3:$F$70,$E$3:$E$70,E$77,$B$3:$B$70,$A94) -> 5 | F94: =SUMIFS($F$3:$F$70,$D$3:$D$70,F$77,$A$3:$A$70,$A94)+SUMIFS($F$3:$F$70,$E$3:$E$70,F$77,$B$3:$B$70,$A94) -> 5 | G94: =SUMIFS($F$3:$F$70,$D$3:$D$70,G$77,$A$3:$A$70,$A94)+SUMIFS($F$3:$F$70,$E$3:$E$70,G$77,$B$3:$B$70,$A94) -> 1 | H94: =SUMIFS($F$3:$F$70,$D$3:$D$70,H$77,$A$3:$A$70,$A94)+SUMIFS($F$3:$F$70,$E$3:$E$70,H$77,$B$3:$B$70,$A94) -> 0 | I94: =SUMIFS($F$3:$F$70,$D$3:$D$70,I$77,$A$3:$A$70,$A94)+SUMIFS($F$3:$F$70,$E$3:$E$70,I$77,$B$3:$B$70,$A94) -> 0 | J94: =SUMIFS($F$3:$F$70,$D$3:$D$70,J$77,$A$3:$A$70,$A94)+SUMIFS($F$3:$F$70,$E$3:$E$70,J$77,$B$3:$B$70,$A94) -> 0 | K94: 11
A95: Katharina Housman | B95: 11 | C95: =SUMIFS($F$3:$F$70,$D$3:$D$70,C$77,$A$3:$A$70,$A95)+SUMIFS($F$3:$F$70,$E$3:$E$70,C$77,$B$3:$B$70,$A95) -> 11 | D95: =SUMIFS($F$3:$F$70,$D$3:$D$70,D$77,$A$3:$A$70,$A95)+SUMIFS($F$3:$F$70,$E$3:$E$70,D$77,$B$3:$B$70,$A95) -> 11 | E95: =SUMIFS($F$3:$F$70,$D$3:$D$70,E$77,$A$3:$A$70,$A95)+SUMIFS($F$3:$F$70,$E$3:$E$70,E$77,$B$3:$B$70,$A95) -> 7 | F95: =SUMIFS($F$3:$F$70,$D$3:$D$70,F$77,$A$3:$A$70,$A95)+SUMIFS($F$3:$F$70,$E$3:$E$70,F$77,$B$3:$B$70,$A95) -> 7 | G95: =SUMIFS($F$3:$F$70,$D$3:$D$70,G$77,$A$3:$A$70,$A95)+SUMIFS($F$3:$F$70,$E$3:$E$70,G$77,$B$3:$B$70,$A95) -> 3 | H95: =SUMIFS($F$3:$F$70,$D$3:$D$70,H$77,$A$3:$A$70,$A95)+SUMIFS($F$3:$F$70,$E$3:$E$70,H$77,$B$3:$B$70,$A95) -> 0 | I95: =SUMIFS($F$3:$F$70,$D$3:$D$70,I$77,$A$3:$A$70,$A95)+SUMIFS($F$3:$F$70,$E$3:$E$70,I$77,$B$3:$B$70,$A95) -> 0 | J95: =SUMIFS($F$3:$F$70,$D$3:$D$70,J$77,$A$3:$A$70,$A95)+SUMIFS($F$3:$F$70,$E$3:$E$70,J$77,$B$3:$B$70,$A95) -> 0 | K95: 11
A96: Lue Rocheleau | B96: 11 | C96: =SUMIFS($F$3:$F$70,$D$3:$D$70,C$77,$A$3:$A$70,$A96)+SUMIFS($F$3:$F$70,$E$3:$E$70,C$77,$B$3:$B$70,$A96) -> 10 | D96: =SUMIFS($F$3:$F$70,$D$3:$D$70,D$77,$A$3:$A$70,$A96)+SUMIFS($F$3:$F$70,$E$3:$E$70,D$77,$B$3:$B$70,$A96) -> 10 | E96: =SUMIFS($F$3:$F$70,$D$3:$D$70,E$77,$A$3:$A$70,$A96)+SUMIFS($F$3:$F$70,$E$3:$E$70,E$77,$B$3:$B$70,$A96) -> 6 | F96: =SUMIFS($F$3:$F$70,$D$3:$D$70,F$77,$A$3:$A$70,$A96)+SUMIFS($F$3:$F$70,$E$3:$E$70,F$77,$B$3:$B$70,$A96) -> 6 | G96: =SUMIFS($F$3:$F$70,$D$3:$D$70,G$77,$A$3:$A$70,$A96)+SUMIFS($F$3:$F$70,$E$3:$E$70,G$77,$B$3:$B$70,$A96) -> 2 | H96: =SUMIFS($F$3:$F$70,$D$3:$D$70,H$77,$A$3:$A$70,$A96)+SUMIFS($F$3:$F$70,$E$3:$E$70,H$77,$B$3:$B$70,$A96) -> 0 | I96: =SUMIFS($F$3:$F$70,$D$3:$D$70,I$77,$A$3:$A$70,$A96)+SUMIFS($F$3:$F$70,$E$3:$E$70,I$77,$B$3:$B$70,$A96) -> 0 | J96: =SUMIFS($F$3:$F$70,$D$3:$D$70,J$77,$A$3:$A$70,$A96)+SUMIFS($F$3:$F$70,$E$3:$E$70,J$77,$B$3:$B$70,$A96) -> 0 | K96: 11
A97: Jenniffer Berumen | B97: 11 | C97: =SUMIFS($F$3:$F$70,$D$3:$D$70,C$77,$A$3:$A$70,$A97)+SUMIFS($F$3:$F$70,$E$3:$E$70,C$77,$B$3:$B$70,$A97) -> 12 | D97: =SUMIFS($F$3:$F$70,$D$3:$D$70,D$77,$A$3:$A$70,$A97)+SUMIFS($F$3:$F$70,$E$3:$E$70,D$77,$B$3:$B$70,$A97) -> 12 | E97: =SUMIFS($F$3:$F$70,$D$3:$D$70,E$77,$A$3:$A$70,$A97)+SUMIFS($F$3:$F$70,$E$3:$E$70,E$77,$B$3:$B$70,$A97) -> 8 | F97: =SUMIFS($F$3:$F$70,$D$3:$D$70,F$77,$A$3:$A$70,$A97)+SUMIFS($F$3:$F$70,$E$3:$E$70,F$77,$B$3:$B$70,$A97) -> 8 | G97: =SUMIFS($F$3:$F$70,$D$3:$D$70,G$77,$A$3:$A$70,$A97)+SUMIFS($F$3:$F$70,$E$3:$E$70,G$77,$B$3:$B$70,$A97) -> 4 | H97: =SUMIFS($F$3:$F$70,$D$3:$D$70,H$77,$A$3:$A$70,$A97)+SUMIFS($F$3:$F$70,$E$3:$E$70,H$77,$B$3:$B$70,$A97) -> 0 | I97: =SUMIFS($F$3:$F$70,$D$3:$D$70,I$77,$A$3:$A$70,$A97)+SUMIFS($F$3:$F$70,$E$3:$E$70,I$77,$B$3:$B$70,$A97) -> 0 | J97: =SUMIFS($F$3:$F$70,$D$3:$D$70,J$77,$A$3:$A$70,$A97)+SUMIFS($F$3:$F$70,$E$3:$E$70,J$77,$B$3:$B$70,$A97) -> 0 | K97: 11
A98: Lashanda Pangborn | B98: 11 | C98: =SUMIFS($F$3:$F$70,$D$3:$D$70,C$77,$A$3:$A$70,$A98)+SUMIFS($F$3:$F$70,$E$3:$E$70,C$77,$B$3:$B$70,$A98) -> 9 | D98: =SUMIFS($F$3:$F$70,$D$3:$D$70,D$77,$A$3:$A$70,$A98)+SUMIFS($F$3:$F$70,$E$3:$E$70,D$77,$B$3:$B$70,$A98) -> 1 | E98: =SUMIFS($F$3:$F$70,$D$3:$D$70,E$77,$A$3:$A$70,$A98)+SUMIFS($F$3:$F$70,$E$3:$E$70,E$77,$B$3:$B$70,$A98) -> 1 | F98: =SUMIFS($F$3:$F$70,$D$3:$D$70,F$77,$A$3:$A$70,$A98)+SUMIFS($F$3:$F$70,$E$3:$E$70,F$77,$B$3:$B$70,$A98) -> 9 | G98: =SUMIFS($F$3:$F$70,$D$3:$D$70,G$77,$A$3:$A$70,$A98)+SUMIFS($F$3:$F$70,$E$3:$E$70,G$77,$B$3:$B$70,$A98) -> 9 | H98: =SUMIFS($F$3:$F$70,$D$3:$D$70,H$77,$A$3:$A$70,$A98)+SUMIFS($F$3:$F$70,$E$3:$E$70,H$77,$B$3:$B$70,$A98) -> 0 | I98: =SUMIFS($F$3:$F$70,$D$3:$D$70,I$77,$A$3:$A$70,$A98)+SUMIFS($F$3:$F$70,$E$3:$E$70,I$77,$B$3:$B$70,$A98) -> 0 | J98: =SUMIFS($F$3:$F$70,$D$3:$D$70,J$77,$A$3:$A$70,$A98)+SUMIFS($F$3:$F$70,$E$3:$E$70,J$77,$B$3:$B$70,$A98) -> 0 | K98: 11
A99: Amal Bunt | B99: 11 | C99: =SUMIFS($F$3:$F$70,$D$3:$D$70,C$77,$A$3:$A$70,$A99)+SUMIFS($F$3:$F$70,$E$3:$E$70,C$77,$B$3:$B$70,$A99) -> 11 | D99: =SUMIFS($F$3:$F$70,$D$3:$D$70,D$77,$A$3:$A$70,$A99)+SUMIFS($F$3:$F$70,$E$3:$E$70,D$77,$B$3:$B$70,$A99) -> 3 | E99: =SUMIFS($F$3:$F$70,$D$3:$D$70,E$77,$A$3:$A$70,$A99)+SUMIFS($F$3:$F$70,$E$3:$E$70,E$77,$B$3:$B$70,$A99) -> 3 | F99: =SUMIFS($F$3:$F$70,$D$3:$D$70,F$77,$A$3:$A$70,$A99)+SUMIFS($F$3:$F$70,$E$3:$E$70,F$77,$B$3:$B$70,$A99) -> 11 | G99: =SUMIFS($F$3:$F$70,$D$3:$D$70,G$77,$A$3:$A$70,$A99)+SUMIFS($F$3:$F$70,$E$3:$E$70,G$77,$B$3:$B$70,$A99) -> 11 | H99: =SUMIFS($F$3:$F$70,$D$3:$D$70,H$77,$A$3:$A$70,$A99)+SUMIFS($F$3:$F$70,$E$3:$E$70,H$77,$B$3:$B$70,$A99) -> 0 | I99: =SUMIFS($F$3:$F$70,$D$3:$D$70,I$77,$A$3:$A$70,$A99)+SUMIFS($F$3:$F$70,$E$3:$E$70,I$77,$B$3:$B$70,$A99) -> 0 | J99: =SUMIFS($F$3:$F$70,$D$3:$D$70,J$77,$A$3:$A$70,$A99)+SUMIFS($F$3:$F$70,$E$3:$E$70,J$77,$B$3:$B$70,$A99) -> 0 | K99: 11
A100: Taisha Kauppi | B100: 11 | C100: =SUMIFS($F$3:$F$70,$D$3:$D$70,C$77,$A$3:$A$70,$A100)+SUMIFS($F$3:$F$70,$E$3:$E$70,C$77,$B$3:$B$70,$A100) -> 10 | D100: =SUMIFS($F$3:$F$70,$D$3:$D$70,D$77,$A$3:$A$70,$A100)+SUMIFS($F$3:$F$70,$E$3:$E$70,D$77,$B$3:$B$70,$A100) -> 2 | E100: =SUMIFS($F$3:$F$70,$D$3:$D$70,E$77,$A$3:$A$70,$A100)+SUMIFS($F$3:$F$70,$E$3:$E$70,E$77,$B$3:$B$70,$A100) -> 2 | F100: =SUMIFS($F$3:$F$70,$D$3:$D$70,F$77,$A$3:$A$70,$A100)+SUMIFS($F$3:$F$70,$E$3:$E$70,F$77,$B$3:$B$70,$A100) -> 10 | G100: =SUMIFS($F$3:$F$70,$D$3:$D$70,G$77,$A$3:$A$70,$A100)+SUMIFS($F$3:$F$70,$E$3:$E$70,G$77,$B$3:$B$70,$A100) -> 10 | H100: =SUMIFS($F$3:$F$70,$D$3:$D$70,H$77,$A$3:$A$70,$A100)+SUMIFS($F$3:$F$70,$E$3:$E$70,H$77,$B$3:$B$70,$A100) -> 0 | I100: =SUMIFS($F$3:$F$70,$D$3:$D$70,I$77,$A$3:$A$70,$A100)+SUMIFS($F$3:$F$70,$E$3:$E$70,I$77,$B$3:$B$70,$A100) -> 0 | J100: =SUMIFS($F$3:$F$70,$D$3:$D$70,J$77,$A$3:$A$70,$A100)+SUMIFS($F$3:$F$70,$E$3:$E$70,J$77,$B$3:$B$70,$A100) -> 0 | K100: 11
A101: Marylynn Emmer | B101: 11 | C101: =SUMIFS($F$3:$F$70,$D$3:$D$70,C$77,$A$3:$A$70,$A101)+SUMIFS($F$3:$F$70,$E$3:$E$70,C$77,$B$3:$B$70,$A101) -> 12 | D101: =SUMIFS($F$3:$F$70,$D$3:$D$70,D$77,$A$3:$A$70,$A101)+SUMIFS($F$3:$F$70,$E$3:$E$70,D$77,$B$3:$B$70,$A101) -> 4 | E101: =SUMIFS($F$3:$F$70,$D$3:$D$70,E$77,$A$3:$A$70,$A101)+SUMIFS($F$3:$F$70,$E$3:$E$70,E$77,$B$3:$B$70,$A101) -> 4 | F101: =SUMIFS($F$3:$F$70,$D$3:$D$70,F$77,$A$3:$A$70,$A101)+SUMIFS($F$3:$F$70,$E$3:$E$70,F$77,$B$3:$B$70,$A101) -> 12 | G101: =SUMIFS($F$3:$F$70,$D$3:$D$70,G$77,$A$3:$A$70,$A101)+SUMIFS($F$3:$F$70,$E$3:$E$70,G$77,$B$3:$B$70,$A101) -> 12 | H101: =SUMIFS($F$3:$F$70,$D$3:$D$70,H$77,$A$3:$A$70,$A101)+SUMIFS($F$3:$F$70,$E$3:$E$70,H$77,$B$3:$B$70,$A101) -> 0 | I101: =SUMIFS($F$3:$F$70,$D$3:$D$70,I$77,$A$3:$A$70,$A101)+SUMIFS($F$3:$F$70,$E$3:$E$70,I$77,$B$3:$B$70,$A101) -> 0 | J101: =SUMIFS($F$3:$F$70,$D$3:$D$70,J$77,$A$3:$A$70,$A101)+SUMIFS($F$3:$F$70,$E$3:$E$70,J$77,$B$3:$B$70,$A101) -> 0 | K101: 11
A105: Ubicación Final de Competidores Por Ronda – Clarkson Town
B106: Inicio | C106: 1 | D106: 2 | E106: 3 | F106: 4 | G106: 5 | H106: 6 | I106: 7 | J106: 8 | K106: Fin
A107: Gaynell Lehrman | B107: 11 | C107: =IF(C78=0,B107,C78) -> 1 | D107: =IF(D78=0,C107,D78) -> 1 | E107: =IF(E78=0,D107,E78) -> 9 | F107: =IF(F78=0,E107,F78) -> 1 | G107: =IF(G78=0,F107,G78) -> 9 | H107: =IF(H78=0,G107,H78) -> 1 | I107: =IF(I78=0,H107,I78) -> 5 | J107: =IF(J78=0,I107,J78) -> 7 | K107: 11
A108: Meda Maddix | B108: 11 | C108: =IF(C79=0,B108,C79) -> 3 | D108: =IF(D79=0,C108,D79) -> 3 | E108: =IF(E79=0,D108,E79) -> 11 | F108: =IF(F79=0,E108,F79) -> 3 | G108: =IF(G79=0,F108,G79) -> 11 | H108: =IF(H79=0,G108,H79) -> 2 | I108: =IF(I79=0,H108,I79) -> 6 | J108: =IF(J79=0,I108,J79) -> 7 | K108: 11
A109: Keri Wetzel | B109: 11 | C109: =IF(C80=0,B109,C80) -> 2 | D109: =IF(D80=0,C109,D80) -> 2 | E109: =IF(E80=0,D109,E80) -> 10 | F109: =IF(F80=0,E109,F80) -> 2 | G109: =IF(G80=0,F109,G80) -> 10 | H109: =IF(H80=0,G109,H80) -> 3 | I109: =IF(I80=0,H109,I80) -> 6 | J109: =IF(J80=0,I109,J80) -> 6 | K109: 11
A110: Shaunte Osorio | B110: 11 | C110: =IF(C81=0,B110,C81) -> 4 | D110: =IF(D81=0,C110,D81) -> 4 | E110: =IF(E81=0,D110,E81) -> 12 | F110: =IF(F81=0,E110,F81) -> 4 | G110: =IF(G81=0,F110,G81) -> 12 | H110: =IF(H81=0,G110,H81) -> 4 | I110: =IF(I81=0,H110,I81) -> 5 | J110: =IF(J81=0,I110,J81) -> 5 | K110: 11
A111: Ivana Hage | B111: 11 | C111: =IF(C82=0,B111,C82) -> 1 | D111: =IF(D82=0,C111,D82) -> 5 | E111: =IF(E82=0,D111,E82) -> 5 | F111: =IF(F82=0,E111,F82) -> 1 | G111: =IF(G82=0,F111,G82) -> 5 | H111: =IF(H82=0,G111,H82) -> 4 | I111: =IF(I82=0,H111,I82) -> 4 | J111: =IF(J82=0,I111,J82) -> 4 | K111: 11
A112: Shavonda Spooner | B112: 11 | C112: =IF(C83=0,B112,C83) -> 3 | D112: =IF(D83=0,C112,D83) -> 7 | E112: =IF(E83=0,D112,E83) -> 7 | F112: =IF(F83=0,E112,F83) -> 3 | G112: =IF(G83=0,F112,G83) -> 7 | H112: =IF(H83=0,G112,H83) -> 3 | I112: =IF(I83=0,H112,I83) -> 3 | J112: =IF(J83=0,I112,J83) -> 3 | K112: 11
A113: Bette Priddy | B113: 11 | C113: =IF(C84=0,B113,C84) -> 2 | D113: =IF(D84=0,C113,D84) -> 6 | E113: =IF(E84=0,D113,E84) -> 6 | F113: =IF(F84=0,E113,F84) -> 2 | G113: =IF(G84=0,F113,G84) -> 6 | H113: =IF(H84=0,G113,H84) -> 2 | I113: =IF(I84=0,H113,I84) -> 2 | J113: =IF(J84=0,I113,J84) -> 2 | K113: 11
A114: Paulina Mckinny | B114: 11 | C114: =IF(C85=0,B114,C85) -> 4 | D114: =IF(D85=0,C114,D85) -> 8 | E114: =IF(E85=0,D114,E85) -> 8 | F114: =IF(F85=0,E114,F85) -> 4 | G114: =IF(G85=0,F114,G85) -> 8 | H114: =IF(H85=0,G114,H85) -> 1 | I114: =IF(I85=0,H114,I85) -> 1 | J114: =IF(J85=0,I114,J85) -> 1 | K114: 11
A115: Sulema Hyre | B115: 11 | C115: =IF(C86=0,B115,C86) -> 5 | D115: =IF(D86=0,C115,D86) -> 1 | E115: =IF(E86=0,D115,E86) -> 9 | F115: =IF(F86=0,E115,F86) -> 9 | G115: =IF(G86=0,F115,G86) -> 5 | H115: =IF(H86=0,G115,H86) -> 5 | I115: =IF(I86=0,H115,I86) -> 5 | J115: =IF(J86=0,I115,J86) -> 5 | K115: 11
A116: Christin Gladding | B116: 11 | C116: =IF(C87=0,B116,C87) -> 7 | D116: =IF(D87=0,C116,D87) -> 3 | E116: =IF(E87=0,D116,E87) -> 11 | F116: =IF(F87=0,E116,F87) -> 11 | G116: =IF(G87=0,F116,G87) -> 7 | H116: =IF(H87=0,G116,H87) -> 7 | I116: =IF(I87=0,H116,I87) -> 7 | J116: =IF(J87=0,I116,J87) -> 7 | K116: 11
A117: Ivelisse Ellenwood | B117: 11 | C117: =IF(C88=0,B117,C88) -> 6 | D117: =IF(D88=0,C117,D88) -> 2 | E117: =IF(E88=0,D117,E88) -> 10 | F117: =IF(F88=0,E117,F88) -> 10 | G117: =IF(G88=0,F117,G88) -> 6 | H117: =IF(H88=0,G117,H88) -> 6 | I117: =IF(I88=0,H117,I88) -> 6 | J117: =IF(J88=0,I117,J88) -> 6 | K117: 11
A118: Senaida Glanz | B118: 11 | C118: =IF(C89=0,B118,C89) -> 8 | D118: =IF(D89=0,C118,D89) -> 4 | E118: =IF(E89=0,D118,E89) -> 12 | F118: =IF(F89=0,E118,F89) -> 12 | G118: =IF(G89=0,F118,G89) -> 8 | H118: =IF(H89=0,G118,H89) -> 8 | I118: =IF(I89=0,H118,I89) -> 8 | J118: =IF(J89=0,I118,J89) -> 8 | K118: 11
... A130: Marylynn Emmer | B130: 11 | C130: =IF(C101=0,B130,C101) -> 12 | D130: =IF(D101=0,C130,D101) -> 4 | E130: =IF(E101=0,D130,E101) -> 4 | F130: =IF(F101=0,E130,F101) -> 12 | G130: =IF(G101=0,F130,G101) -> 12 | H130: =IF(H101=0,G130,H101) -> 12 | I130: =IF(I101=0,H130,I101) -> 12 | J130: =IF(J101=0,I130,J101) -> 12 | K130: 11
A134: Costos de Transporte por Ronda – Clarkson Town
B135: Inicio | C135: 1 | D135: 2 | E135: 3 | F135: 4 | G135: 5 | H135: 6 | I135: 7 | J135: 8 | K135: Final | L135: Total
A136: Gaynell Lehrman | B136: 0 | C136: {=INDEX(Raw_Data!$H$7:$S$18,MIN(Calculation_Engine!B107:C107),MAX(Calculation_Engine!B107:C107))} -> 118 | D136: {=INDEX(Raw_Data!$H$7:$S$18,MIN(Calculation_Engine!C107:D107),MAX(Calculation_Engine!C107:D107))} -> 0 | E136: {=INDEX(Raw_Data!$H$7:$S$18,MIN(Calculation_Engine!D107:E107),MAX(Calculation_Engine!D107:E107))} -> 114 | F136: {=INDEX(Raw_Data!$H$7:$S$18,MIN(Calculation_Engine!E107:F107),MAX(Calculation_Engine!E107:F107))} -> 114 | G136: {=INDEX(Raw_Data!$H$7:$S$18,MIN(Calculation_Engine!F107:G107),MAX(Calculation_Engine!F107:G107))} -> 114 | H136: {=INDEX(Raw_Data!$H$7:$S$18,MIN(Calculation_Engine!G107:H107),MAX(Calculation_Engine!G107:H107))} -> 114 | I136: {=INDEX(Raw_Data!$H$7:$S$18,MIN(Calculation_Engine!H107:I107),MAX(Calculation_Engine!H107:I107))} -> 180 | J136: {=INDEX(Raw_Data!$H$7:$S$18,MIN(Calculation_Engine!I107:J107),MAX(Calculation_Engine!I107:J107))} -> 141 | K136: {=INDEX(Raw_Data!$H$7:$S$18,MIN(Calculation_Engine!J107:K107),MAX(Calculation_Engine!J107:K107))} -> 235 | L136: =SUM(B136:K136) -> 1130
A137: Meda Maddix | B137: 0 | C137: {=INDEX(Raw_Data!$H$7:$S$18,MIN(Calculation_Engine!B108:C108),MAX(Calculation_Engine!B108:C108))} -> 238 | D137: {=INDEX(Raw_Data!$H$7:$S$18,MIN(Calculation_Engine!C108:D108),MAX(Calculation_Engine!C108:D108))} -> 0 | E137: {=INDEX(Raw_Data!$H$7:$S$18,MIN(Calculation_Engine!D108:E108),MAX(Calculation_Engine!D108:E108))} -> 238 | F137: {=INDEX(Raw_Data!$H$7:$S$18,MIN(Calculation_Engine!E108:F108),MAX(Calculation_Engine!E108:F108))} -> 238 | G137: {=INDEX(Raw_Data!$H$7:$S$18,MIN(Calculation_Engine!F108:G108),MAX(Calculation_Engine!F108:G108))} -> 238 | H137: {=INDEX(Raw_Data!$H$7:$S$18,MIN(Calculation_Engine!G108:H108),MAX(Calculation_Engine!G108:H108))} -> 150 | I137: {=INDEX(Raw_Data!$H$7:$S$18,MIN(Calculation_Engine!H108:I108),MAX(Calculation_Engine!H108:I108))} -> 233 | J137: {=INDEX(Raw_Data!$H$7:$S$18,MIN(Calculation_Engine!I108:J108),MAX(Calculation_Engine!I108:J108))} -> 112 | K137: {=INDEX(Raw_Data!$H$7:$S$18,MIN(Calculation_Engine!J108:K108),MAX(Calculation_Engine!J108:K108))} -> 235 | L137: =SUM(B137:K137) -> 1682
A138: Keri Wetzel | B138: 0 | C138: {=INDEX(Raw_Data!$H$7:$S$18,MIN(Calculation_Engine!B109:C109),MAX(Calculation_Engine!B109:C109))} -> 150 | D138: {=INDEX(Raw_Data!$H$7:$S$18,MIN(Calculation_Engine!C109:D109),MAX(Calculation_Engine!C109:D109))} -> 0 | E138: {=INDEX(Raw_Data!$H$7:$S$18,MIN(Calculation_Engine!D109:E109),MAX(Calculation_Engine!D109:E109))} -> 208 | F138: {=INDEX(Raw_Data!$H$7:$S$18,MIN(Calculation_Engine!E109:F109),MAX(Calculation_Engine!E109:F109))} -> 208 | G138: {=INDEX(Raw_Data!$H$7:$S$18,MIN(Calculation_Engine!F109:G109),MAX(Calculation_Engine!F109:G109))} -> 208 | H138: {=INDEX(Raw_Data!$H$7:$S$18,MIN(Calculation_Engine!G109:H109),MAX(Calculation_Engine!G109:H109))} -> 214 | I138: {=INDEX(Raw_Data!$H$7:$S$18,MIN(Calculation_Engine!H109:I109),MAX(Calculation_Engine!H109:I109))} -> 150 | J138: {=INDEX(Raw_Data!$H$7:$S$18,MIN(Calculation_Engine!I109:J109),MAX(Calculation_Engine!I109:J109))} -> 0 | K138: {=INDEX(Raw_Data!$H$7:$S$18,MIN(Calculation_Engine!J109:K109),MAX(Calculation_Engine!J109:K109))} -> 237 | L138: =SUM(B138:K138) -> 1375
A139: Shaunte Osorio | B139: 0 | C139: {=INDEX(Raw_Data!$H$7:$S$18,MIN(Calculation_Engine!B110:C110),MAX(Calculation_Engine!B110:C110))} -> 218 | D139: {=INDEX(Raw_Data!$H$7:$S$18,MIN(Calculation_Engine!C110:D110),MAX(Calculation_Engine!C110:D110))} -> 0 | E139: {=INDEX(Raw_Data!$H$7:$S$18,MIN(Calculation_Engine!D110:E110),MAX(Calculation_Engine!D110:E110))} -> 230 | F139: {=INDEX(Raw_Data!$H$7:$S$18,MIN(Calculation_Engine!E110:F110),MAX(Calculation_Engine!E110:F110))} -> 230 | G139: {=INDEX(Raw_Data!$H$7:$S$18,MIN(Calculation_Engine!F110:G110),MAX(Calculation_Engine!F110:G110))} -> 230 | H139: {=INDEX(Raw_Data!$H$7:$S$18,MIN(Calculation_Engine!G110:H110),MAX(Calculation_Engine!G110:H110))} -> 230 | I139: {=INDEX(Raw_Data!$H$7:$S$18,MIN(Calculation_Engine!H110:I110),MAX(Calculation_Engine!H110:I110))} -> 104 | J139: {=INDEX(Raw_Data!$H$7:$S$18,MIN(Calculation_Engine!I110:J110),MAX(Calculation_Engine!I110:J110))} -> 0 | K139: {=INDEX(Raw_Data!$H$7:$S$18,MIN(Calculation_Engine!J110:K110),MAX(Calculation_Engine!J110:K110))} -> 172 | L139: =SUM(B139:K139) -> 1414
A140: Ivana Hage | B140: 0 | C140: {=INDEX(Raw_Data!$H$7:$S$18,MIN(Calculation_Engine!B111:C111),MAX(Calculation_Engine!B111:C111))} -> 118 | D140: {=INDEX(Raw_Data!$H$7:$S$18,MIN(Calculation_Engine!C111:D111),MAX(Calculation_Engine!C111:D111))} -> 180 | E140: {=INDEX(Raw_Data!$H$7:$S$18,MIN(Calculation_Engine!D111:E111),MAX(Calculation_Engine!D111:E111))} -> 0 | F140: {=INDEX(Raw_Data!$H$7:$S$18,MIN(Calculation_Engine!E111:F111),MAX(Calculation_Engine!E111:F111))} -> 180 | G140: {=INDEX(Raw_Data!$H$7:$S$18,MIN(Calculation_Engine!F111:G111),MAX(Calculation_Engine!F111:G111))} -> 180 | H140: {=INDEX(Raw_Data!$H$7:$S$18,MIN(Calculation_Engine!G111:H111),MAX(Calculation_Engine!G111:H111))} -> 104 | I140: {=INDEX(Raw_Data!$H$7:$S$18,MIN(Calculation_Engine!H111:I111),MAX(Calculation_Engine!H111:I111))} -> 0 | J140: {=INDEX(Raw_Data!$H$7:$S$18,MIN(Calculation_Engine!I111:J111),MAX(Calculation_Engine!I111:J111))} -> 0 | K140: {=INDEX(Raw_Data!$H$7:$S$18,MIN(Calculation_Engine!J111:K111),MAX(Calculation_Engine!J111:K111))} -> 218 | L140: =SUM(B140:K140) -> 980
A141: Shavonda Spooner | B141: 0 | C141: {=INDEX(Raw_Data!$H$7:$S$18,MIN(Calculation_Engine!B112:C112),MAX(Calculation_Engine!B112:C112))} -> 238 | D141: {=INDEX(Raw_Data!$H$7:$S$18,MIN(Calculation_Engine!C112:D112),MAX(Calculation_Engine!C112:D112))} -> 133 | E141: {=INDEX(Raw_Data!$H$7:$S$18,MIN(Calculation_Engine!D112:E112),MAX(Calculation_Engine!D112:E112))} -> 0 | F141: {=INDEX(Raw_Data!$H$7:$S$18,MIN(Calculation_Engine!E112:F112),MAX(Calculation_Engine!E112:F112))} -> 133 | G141: {=INDEX(Raw_Data!$H$7:$S$18,MIN(Calculation_Engine!F112:G112),MAX(Calculation_Engine!F112:G112))} -> 133 | H141: {=INDEX(Raw_Data!$H$7:$S$18,MIN(Calculation_Engine!G112:H112),MAX(Calculation_Engine!G112:H112))} -> 133 | I141: {=INDEX(Raw_Data!$H$7:$S$18,MIN(Calculation_Engine!H112:I112),MAX(Calculation_Engine!H112:I112))} -> 0 | J141: {=INDEX(Raw_Data!$H$7:$S$18,MIN(Calculation_Engine!I112:J112),MAX(Calculation_Engine!I112:J112))} -> 0 | K141: {=INDEX(Raw_Data!$H$7:$S$18,MIN(Calculation_Engine!J112:K112),MAX(Calculation_Engine!J112:K112))} -> 238 | L141: =SUM(B141:K141) -> 1008
A142: Bette Priddy | B142: 0 | C142: {=INDEX(Raw_Data!$H$7:$S$18,MIN(Calculation_Engine!B113:C113),MAX(Calculation_Engine!B113:C113))} -> 150 | D142: {=INDEX(Raw_Data!$H$7:$S$18,MIN(Calculation_Engine!C113:D113),MAX(Calculation_Engine!C113:D113))} -> 233 | E142: {=INDEX(Raw_Data!$H$7:$S$18,MIN(Calculation_Engine!D113:E113),MAX(Calculation_Engine!D113:E113))} -> 0 | F142: {=INDEX(Raw_Data!$H$7:$S$18,MIN(Calculation_Engine!E113:F113),MAX(Calculation_Engine!E113:F113))} -> 233 | G142: {=INDEX(Raw_Data!$H$7:$S$18,MIN(Calculation_Engine!F113:G113),MAX(Calculation_Engine!F113:G113))} -> 233 | H142: {=INDEX(Raw_Data!$H$7:$S$18,MIN(Calculation_Engine!G113:H113),MAX(Calculation_Engine!G113:H113))} -> 233 | I142: {=INDEX(Raw_Data!$H$7:$S$18,MIN(Calculation_Engine!H113:I113),MAX(Calculation_Engine!H113:I113))} -> 0 | J142: {=INDEX(Raw_Data!$H$7:$S$18,MIN(Calculation_Engine!I113:J113),MAX(Calculation_Engine!I113:J113))} -> 0 | K142: {=INDEX(Raw_Data!$H$7:$S$18,MIN(Calculation_Engine!J113:K113),MAX(Calculation_Engine!J113:K113))} -> 150 | L142: =SUM(B142:K142) -> 1232
A143: Paulina Mckinny | B143: 0 | C143: {=INDEX(Raw_Data!$H$7:$S$18,MIN(Calculation_Engine!B114:C114),MAX(Calculation_Engine!B114:C114))} -> 218 | D143: {=INDEX(Raw_Data!$H$7:$S$18,MIN(Calculation_Engine!C114:D114),MAX(Calculation_Engine!C114:D114))} -> 186 | E143: {=INDEX(Raw_Data!$H$7:$S$18,MIN(Calculation_Engine!D114:E114),MAX(Calculation_Engine!D114:E114))} -> 0 | F143: {=INDEX(Raw_Data!$H$7:$S$18,MIN(Calculation_Engine!E114:F114),MAX(Calculation_Engine!E114:F114))} -> 186 | G143: {=INDEX(Raw_Data!$H$7:$S$18,MIN(Calculation_Engine!F114:G114),MAX(Calculation_Engine!F114:G114))} -> 186 | H143: {=INDEX(Raw_Data!$H$7:$S$18,MIN(Calculation_Engine!G114:H114),MAX(Calculation_Engine!G114:H114))} -> 113 | I143: {=INDEX(Raw_Data!$H$7:$S$18,MIN(Calculation_Engine!H114:I114),MAX(Calculation_Engine!H114:I114))} -> 0 | J143: {=INDEX(Raw_Data!$H$7:$S$18,MIN(Calculation_Engine!I114:J114),MAX(Calculation_Engine!I114:J114))} -> 0 | K143: {=INDEX(Raw_Data!$H$7:$S$18,MIN(Calculation_Engine!J114:K114),MAX(Calculation_Engine!J114:K114))} -> 118 | L143: =SUM(B143:K143) -> 1007
A144: Sulema Hyre | B144: 0 | C144: {=INDEX(Raw_Data!$H$7:$S$18,MIN(Calculation_Engine!B115:C115),MAX(Calculation_Engine!B115:C115))} -> 172 | D144: {=INDEX(Raw_Data!$H$7:$S$18,MIN(Calculation_Engine!C115:D115),MAX(Calculation_Engine!C115:D115))} -> 180 | E144: {=INDEX(Raw_Data!$H$7:$S$18,MIN(Calculation_Engine!D115:E115),MAX(Calculation_Engine!D115:E115))} -> 114 | F144: {=INDEX(Raw_Data!$H$7:$S$18,MIN(Calculation_Engine!E115:F115),MAX(Calculation_Engine!E115:F115))} -> 0 | G144: {=INDEX(Raw_Data!$H$7:$S$18,MIN(Calculation_Engine!F115:G115),MAX(Calculation_Engine!F115:G115))} -> 195 | H144: {=INDEX(Raw_Data!$H$7:$S$18,MIN(Calculation_Engine!G115:H115),MAX(Calculation_Engine!G115:H115))} -> 0 | I144: {=INDEX(Raw_Data!$H$7:$S$18,MIN(Calculation_Engine!H115:I115),MAX(Calculation_Engine!H115:I115))} -> 0 | J144: {=INDEX(Raw_Data!$H$7:$S$18,MIN(Calculation_Engine!I115:J115),MAX(Calculation_Engine!I115:J115))} -> 0 | K144: {=INDEX(Raw_Data!$H$7:$S$18,MIN(Calculation_Engine!J115:K115),MAX(Calculation_Engine!J115:K115))} -> 172 | L144: =SUM(B144:K144) -> 833
A145: Christin Gladding | B145: 0 | C145: {=INDEX(Raw_Data!$H$7:$S$18,MIN(Calculation_Engine!B116:C116),MAX(Calculation_Engine!B116:C116))} -> 235 | D145: {=INDEX(Raw_Data!$H$7:$S$18,MIN(Calculation_Engine!C116:D116),MAX(Calculation_Engine!C116:D116))} -> 133 | E145: {=INDEX(Raw_Data!$H$7:$S$18,MIN(Calculation_Engine!D116:E116),MAX(Calculation_Engine!D116:E116))} -> 238 | F145: {=INDEX(Raw_Data!$H$7:$S$18,MIN(Calculation_Engine!E116:F116),MAX(Calculation_Engine!E116:F116))} -> 0 | G145: {=INDEX(Raw_Data!$H$7:$S$18,MIN(Calculation_Engine!F116:G116),MAX(Calculation_Engine!F116:G116))} -> 235 | H145: {=INDEX(Raw_Data!$H$7:$S$18,MIN(Calculation_Engine!G116:H116),MAX(Calculation_Engine!G116:H116))} -> 0 | I145: {=INDEX(Raw_Data!$H$7:$S$18,MIN(Calculation_Engine!H116:I116),MAX(Calculation_Engine!H116:I116))} -> 0 | J145: {=INDEX(Raw_Data!$H$7:$S$18,MIN(Calculation_Engine!I116:J116),MAX(Calculation_Engine!I116:J116))} -> 0 | K145: {=INDEX(Raw_Data!$H$7:$S$18,MIN(Calculation_Engine!J116:K116),MAX(Calculation_Engine!J116:K116))} -> 235 | L145: =SUM(B145:K145) -> 1076
A146: Ivelisse Ellenwood | B146: 0 | C146: {=INDEX(Raw_Data!$H$7:$S$18,MIN(Calculation_Engine!B117:C117),MAX(Calculation_Engine!B117:C117))} -> 237 | D146: {=INDEX(Raw_Data!$H$7:$S$18,MIN(Calculation_Engine!C117:D117),MAX(Calculation_Engine!C117:D117))} -> 233 | E146: {=INDEX(Raw_Data!$H$7:$S$18,MIN(Calculation_Engine!D117:E117),MAX(Calculation_Engine!D117:E117))} -> 208 | F146: {=INDEX(Raw_Data!$H$7:$S$18,MIN(Calculation_Engine!E117:F117),MAX(Calculation_Engine!E117:F117))} -> 0 | G146: {=INDEX(Raw_Data!$H$7:$S$18,MIN(Calculation_Engine!F117:G117),MAX(Calculation_Engine!F117:G117))} -> 85 | H146: {=INDEX(Raw_Data!$H$7:$S$18,MIN(Calculation_Engine!G117:H117),MAX(Calculation_Engine!G117:H117))} -> 0 | I146: {=INDEX(Raw_Data!$H$7:$S$18,MIN(Calculation_Engine!H117:I117),MAX(Calculation_Engine!H117:I117))} -> 0 | J146: {=INDEX(Raw_Data!$H$7:$S$18,MIN(Calculation_Engine!I117:J117),MAX(Calculation_Engine!I117:J117))} -> 0 | K146: {=INDEX(Raw_Data!$H$7:$S$18,MIN(Calculation_Engine!J117:K117),MAX(Calculation_Engine!J117:K117))} -> 237 | L146: =SUM(B146:K146) -> 1000
A147: Senaida Glanz | B147: 0 | C147: {=INDEX(Raw_Data!$H$7:$S$18,MIN(Calculation_Engine!B118:C118),MAX(Calculation_Engine!B118:C118))} -> 164 | D147: {=INDEX(Raw_Data!$H$7:$S$18,MIN(Calculation_Engine!C118:D118),MAX(Calculation_Engine!C118:D118))} -> 186 | E147: {=INDEX(Raw_Data!$H$7:$S$18,MIN(Calculation_Engine!D118:E118),MAX(Calculation_Engine!D118:E118))} -> 230 | F147: {=INDEX(Raw_Data!$H$7:$S$18,MIN(Calculation_Engine!E118:F118),MAX(Calculation_Engine!E118:F118))} -> 0 | G147: {=INDEX(Raw_Data!$H$7:$S$18,MIN(Calculation_Engine!F118:G118),MAX(Calculation_Engine!F118:G118))} -> 222 | H147: {=INDEX(Raw_Data!$H$7:$S$18,MIN(Calculation_Engine!G118:H118),MAX(Calculation_Engine!G118:H118))} -> 0 | I147: {=INDEX(Raw_Data!$H$7:$S$18,MIN(Calculation_Engine!H118:I118),MAX(Calculation_Engine!H118:I118))} -> 0 | J147: {=INDEX(Raw_Data!$H$7:$S$18,MIN(Calculation_Engine!I118:J118),MAX(Calculation_Engine!I118:J118))} -> 0 | K147: {=INDEX(Raw_Data!$H$7:$S$18,MIN(Calculation_Engine!J118:K118),MAX(Calculation_Engine!J118:K118))} -> 164 | L147: =SUM(B147:K147) -> 966
... A159: Marylynn Emmer | B159: 0 | C159: {=INDEX(Raw_Data!$H$7:$S$18,MIN(Calculation_Engine!B130:C130),MAX(Calculation_Engine!B130:C130))} -> 152 | D159: {=INDEX(Raw_Data!$H$7:$S$18,MIN(Calculation_Engine!C130:D130),MAX(Calculation_Engine!C130:D130))} -> 230 | E159: {=INDEX(Raw_Data!$H$7:$S$18,MIN(Calculation_Engine!D130:E130),MAX(Calculation_Engine!D130:E130))} -> 0 | F159: {=INDEX(Raw_Data!$H$7:$S$18,MIN(Calculation_Engine!E130:F130),MAX(Calculation_Engine!E130:F130))} -> 230 | G159: {=INDEX(Raw_Data!$H$7:$S$18,MIN(Calculation_Engine!F130:G130),MAX(Calculation_Engine!F130:G130))} -> 0 | H159: {=INDEX(Raw_Data!$H$7:$S$18,MIN(Calculation_Engine!G130:H130),MAX(Calculation_Engine!G130:H130))} -> 0 | I159: {=INDEX(Raw_Data!$H$7:$S$18,MIN(Calculation_Engine!H130:I130),MAX(Calculation_Engine!H130:I130))} -> 0 | J159: {=INDEX(Raw_Data!$H$7:$S$18,MIN(Calculation_Engine!I130:J130),MAX(Calculation_Engine!I130:J130))} -> 0 | K159: {=INDEX(Raw_Data!$H$7:$S$18,MIN(Calculation_Engine!J130:K130),MAX(Calculation_Engine!J130:K130))} -> 152 | L159: =SUM(B159:K159) -> 764
A166: Costos totales de transporte si empezamos en Orange Grove
A169: Ubicación Final de Competidores Por Ronda – Orange Grove
B170: Inicio | C170: 1 | D170: 2 | E170: 3 | F170: 4 | G170: 5 | H170: 6 | I170: 7 | J170: 8 | K170: Fin
A171: Gaynell Lehrman | B171: 2 | C171: 1 | D171: 1 | E171: 9 | F171: 1 | G171: 9 | H171: 1 | I171: 5 | J171: 7 | K171: 2
A172: Meda Maddix | B172: 2 | C172: 3 | D172: 3 | E172: 11 | F172: 3 | G172: 11 | H172: 2 | I172: 6 | J172: 7 | K172: 2
A173: Keri Wetzel | B173: 2 | C173: 2 | D173: 2 | E173: 10 | F173: 2 | G173: 10 | H173: 3 | I173: 6 | J173: 6 | K173: 2
A174: Shaunte Osorio | B174: 2 | C174: 4 | D174: 4 | E174: 12 | F174: 4 | G174: 12 | H174: 4 | I174: 5 | J174: 5 | K174: 2
A175: Ivana Hage | B175: 2 | C175: 1 | D175: 5 | E175: 5 | F175: 1 | G175: 5 | H175: 4 | I175: 4 | J175: 4 | K175: 2
A176: Shavonda Spooner | B176: 2 | C176: 3 | D176: 7 | E176: 7 | F176: 3 | G176: 7 | H176: 3 | I176: 3 | J176: 3 | K176: 2
A177: Bette Priddy | B177: 2 | C177: 2 | D177: 6 | E177: 6 | F177: 2 | G177: 6 | H177: 2 | I177: 2 | J177: 2 | K177: 2
A178: Paulina Mckinny | B178: 2 | C178: 4 | D178: 8 | E178: 8 | F178: 4 | G178: 8 | H178: 1 | I178: 1 | J178: 1 | K178: 2
A179: Sulema Hyre | B179: 2 | C179: 5 | D179: 1 | E179: 9 | F179: 9 | G179: 5 | H179: 5 | I179: 5 | J179: 5 | K179: 2
A180: Christin Gladding | B180: 2 | C180: 7 | D180: 3 | E180: 11 | F180: 11 | G180: 7 | H180: 7 | I180: 7 | J180: 7 | K180: 2
A181: Ivelisse Ellenwood | B181: 2 | C181: 6 | D181: 2 | E181: 10 | F181: 10 | G181: 6 | H181: 6 | I181: 6 | J181: 6 | K181: 2
A182: Senaida Glanz | B182: 2 | C182: 8 | D182: 4 | E182: 12 | F182: 12 | G182: 8 | H182: 8 | I182: 8 | J182: 8 | K182: 2
... A194: Marylynn Emmer | B194: 2 | C194: 12 | D194: 4 | E194: 4 | F194: 12 | G194: 12 | H194: 12 | I194: 12 | J194: 12 | K194: 2
A198: Costos de Transporte por Ronda – Orange Grove
B199: Inicio | C199: 1 | D199: 2 | E199: 3 | F199: 4 | G199: 5 | H199: 6 | I199: 7 | J199: 8 | K199: Final | L199: Total
A200: Gaynell Lehrman | B200: 0 | C200: {=INDEX(Raw_Data!$H$7:$S$18,MIN(Calculation_Engine!B171:C171),MAX(Calculation_Engine!B171:C171))} -> 138 | D200: {=INDEX(Raw_Data!$H$7:$S$18,MIN(Calculation_Engine!C171:D171),MAX(Calculation_Engine!C171:D171))} -> 0 | E200: {=INDEX(Raw_Data!$H$7:$S$18,MIN(Calculation_Engine!D171:E171),MAX(Calculation_Engine!D171:E171))} -> 114 | F200: {=INDEX(Raw_Data!$H$7:$S$18,MIN(Calculation_Engine!E171:F171),MAX(Calculation_Engine!E171:F171))} -> 114 | G200: {=INDEX(Raw_Data!$H$7:$S$18,MIN(Calculation_Engine!F171:G171),MAX(Calculation_Engine!F171:G171))} -> 114 | H200: {=INDEX(Raw_Data!$H$7:$S$18,MIN(Calculation_Engine!G171:H171),MAX(Calculation_Engine!G171:H171))} -> 114 | I200: {=INDEX(Raw_Data!$H$7:$S$18,MIN(Calculation_Engine!H171:I171),MAX(Calculation_Engine!H171:I171))} -> 180 | J200: {=INDEX(Raw_Data!$H$7:$S$18,MIN(Calculation_Engine!I171:J171),MAX(Calculation_Engine!I171:J171))} -> 141 | K200: {=INDEX(Raw_Data!$H$7:$S$18,MIN(Calculation_Engine!J171:K171),MAX(Calculation_Engine!J171:K171))} -> 168 | L200: =SUM(B200:K200) -> 1083
A201: Meda Maddix | B201: 0 | C201: {=INDEX(Raw_Data!$H$7:$S$18,MIN(Calculation_Engine!B172:C172),MAX(Calculation_Engine!B172:C172))} -> 186 | D201: {=INDEX(Raw_Data!$H$7:$S$18,MIN(Calculation_Engine!C172:D172),MAX(Calculation_Engine!C172:D172))} -> 0 | E201: {=INDEX(Raw_Data!$H$7:$S$18,MIN(Calculation_Engine!D172:E172),MAX(Calculation_Engine!D172:E172))} -> 238 | F201: {=INDEX(Raw_Data!$H$7:$S$18,MIN(Calculation_Engine!E172:F172),MAX(Calculation_Engine!E172:F172))} -> 238 | G201: {=INDEX(Raw_Data!$H$7:$S$18,MIN(Calculation_Engine!F172:G172),MAX(Calculation_Engine!F172:G172))} -> 238 | H201: {=INDEX(Raw_Data!$H$7:$S$18,MIN(Calculation_Engine!G172:H172),MAX(Calculation_Engine!G172:H172))} -> 150 | I201: {=INDEX(Raw_Data!$H$7:$S$18,MIN(Calculation_Engine!H172:I172),MAX(Calculation_Engine!H172:I172))} -> 233 | J201: {=INDEX(Raw_Data!$H$7:$S$18,MIN(Calculation_Engine!I172:J172),MAX(Calculation_Engine!I172:J172))} -> 112 | K201: {=INDEX(Raw_Data!$H$7:$S$18,MIN(Calculation_Engine!J172:K172),MAX(Calculation_Engine!J172:K172))} -> 168 | L201: =SUM(B201:K201) -> 1563
A202: Keri Wetzel | B202: 0 | C202: {=INDEX(Raw_Data!$H$7:$S$18,MIN(Calculation_Engine!B173:C173),MAX(Calculation_Engine!B173:C173))} -> 0 | D202: {=INDEX(Raw_Data!$H$7:$S$18,MIN(Calculation_Engine!C173:D173),MAX(Calculation_Engine!C173:D173))} -> 0 | E202: {=INDEX(Raw_Data!$H$7:$S$18,MIN(Calculation_Engine!D173:E173),MAX(Calculation_Engine!D173:E173))} -> 208 | F202: {=INDEX(Raw_Data!$H$7:$S$18,MIN(Calculation_Engine!E173:F173),MAX(Calculation_Engine!E173:F173))} -> 208 | G202: {=INDEX(Raw_Data!$H$7:$S$18,MIN(Calculation_Engine!F173:G173),MAX(Calculation_Engine!F173:G173))} -> 208 | H202: {=INDEX(Raw_Data!$H$7:$S$18,MIN(Calculation_Engine!G173:H173),MAX(Calculation_Engine!G173:H173))} -> 214 | I202: {=INDEX(Raw_Data!$H$7:$S$18,MIN(Calculation_Engine!H173:I173),MAX(Calculation_Engine!H173:I173))} -> 150 | J202: {=INDEX(Raw_Data!$H$7:$S$18,MIN(Calculation_Engine!I173:J173),MAX(Calculation_Engine!I173:J173))} -> 0 | K202: {=INDEX(Raw_Data!$H$7:$S$18,MIN(Calculation_Engine!J173:K173),MAX(Calculation_Engine!J173:K173))} -> 233 | L202: =SUM(B202:K202) -> 1221
A203: Shaunte Osorio | B203: 0 | C203: {=INDEX(Raw_Data!$H$7:$S$18,MIN(Calculation_Engine!B174:C174),MAX(Calculation_Engine!B174:C174))} -> 90 | D203: {=INDEX(Raw_Data!$H$7:$S$18,MIN(Calculation_Engine!C174:D174),MAX(Calculation_Engine!C174:D174))} -> 0 | E203: {=INDEX(Raw_Data!$H$7:$S$18,MIN(Calculation_Engine!D174:E174),MAX(Calculation_Engine!D174:E174))} -> 230 | F203: {=INDEX(Raw_Data!$H$7:$S$18,MIN(Calculation_Engine!E174:F174),MAX(Calculation_Engine!E174:F174))} -> 230 | G203: {=INDEX(Raw_Data!$H$7:$S$18,MIN(Calculation_Engine!F174:G174),MAX(Calculation_Engine!F174:G174))} -> 230 | H203: {=INDEX(Raw_Data!$H$7:$S$18,MIN(Calculation_Engine!G174:H174),MAX(Calculation_Engine!G174:H174))} -> 230 | I203: {=INDEX(Raw_Data!$H$7:$S$18,MIN(Calculation_Engine!H174:I174),MAX(Calculation_Engine!H174:I174))} -> 104 | J203: {=INDEX(Raw_Data!$H$7:$S$18,MIN(Calculation_Engine!I174:J174),MAX(Calculation_Engine!I174:J174))} -> 0 | K203: {=INDEX(Raw_Data!$H$7:$S$18,MIN(Calculation_Engine!J174:K174),MAX(Calculation_Engine!J174:K174))} -> 152 | L203: =SUM(B203:K203) -> 1266
A204: Ivana Hage | B204: 0 | C204: {=INDEX(Raw_Data!$H$7:$S$18,MIN(Calculation_Engine!B175:C175),MAX(Calculation_Engine!B175:C175))} -> 138 | D204: {=INDEX(Raw_Data!$H$7:$S$18,MIN(Calculation_Engine!C175:D175),MAX(Calculation_Engine!C175:D175))} -> 180 | E204: {=INDEX(Raw_Data!$H$7:$S$18,MIN(Calculation_Engine!D175:E175),MAX(Calculation_Engine!D175:E175))} -> 0 | F204: {=INDEX(Raw_Data!$H$7:$S$18,MIN(Calculation_Engine!E175:F175),MAX(Calculation_Engine!E175:F175))} -> 180 | G204: {=INDEX(Raw_Data!$H$7:$S$18,MIN(Calculation_Engine!F175:G175),MAX(Calculation_Engine!F175:G175))} -> 180 | H204: {=INDEX(Raw_Data!$H$7:$S$18,MIN(Calculation_Engine!G175:H175),MAX(Calculation_Engine!G175:H175))} -> 104 | I204: {=INDEX(Raw_Data!$H$7:$S$18,MIN(Calculation_Engine!H175:I175),MAX(Calculation_Engine!H175:I175))} -> 0 | J204: {=INDEX(Raw_Data!$H$7:$S$18,MIN(Calculation_Engine!I175:J175),MAX(Calculation_Engine!I175:J175))} -> 0 | K204: {=INDEX(Raw_Data!$H$7:$S$18,MIN(Calculation_Engine!J175:K175),MAX(Calculation_Engine!J175:K175))} -> 90 | L204: =SUM(B204:K204) -> 872
A205: Shavonda Spooner | B205: 0 | C205: {=INDEX(Raw_Data!$H$7:$S$18,MIN(Calculation_Engine!B176:C176),MAX(Calculation_Engine!B176:C176))} -> 186 | D205: {=INDEX(Raw_Data!$H$7:$S$18,MIN(Calculation_Engine!C176:D176),MAX(Calculation_Engine!C176:D176))} -> 133 | E205: {=INDEX(Raw_Data!$H$7:$S$18,MIN(Calculation_Engine!D176:E176),MAX(Calculation_Engine!D176:E176))} -> 0 | F205: {=INDEX(Raw_Data!$H$7:$S$18,MIN(Calculation_Engine!E176:F176),MAX(Calculation_Engine!E176:F176))} -> 133 | G205: {=INDEX(Raw_Data!$H$7:$S$18,MIN(Calculation_Engine!F176:G176),MAX(Calculation_Engine!F176:G176))} -> 133 | H205: {=INDEX(Raw_Data!$H$7:$S$18,MIN(Calculation_Engine!G176:H176),MAX(Calculation_Engine!G176:H176))} -> 133 | I205: {=INDEX(Raw_Data!$H$7:$S$18,MIN(Calculation_Engine!H176:I176),MAX(Calculation_Engine!H176:I176))} -> 0 | J205: {=INDEX(Raw_Data!$H$7:$S$18,MIN(Calculation_Engine!I176:J176),MAX(Calculation_Engine!I176:J176))} -> 0 | K205: {=INDEX(Raw_Data!$H$7:$S$18,MIN(Calculation_Engine!J176:K176),MAX(Calculation_Engine!J176:K176))} -> 186 | L205: =SUM(B205:K205) -> 904
A206: Bette Priddy | B206: 0 | C206: {=INDEX(Raw_Data!$H$7:$S$18,MIN(Calculation_Engine!B177:C177),MAX(Calculation_Engine!B177:C177))} -> 0 | D206: {=INDEX(Raw_Data!$H$7:$S$18,MIN(Calculation_Engine!C177:D177),MAX(Calculation_Engine!C177:D177))} -> 233 | E206: {=INDEX(Raw_Data!$H$7:$S$18,MIN(Calculation_Engine!D177:E177),MAX(Calculation_Engine!D177:E177))} -> 0 | F206: {=INDEX(Raw_Data!$H$7:$S$18,MIN(Calculation_Engine!E177:F177),MAX(Calculation_Engine!E177:F177))} -> 233 | G206: {=INDEX(Raw_Data!$H$7:$S$18,MIN(Calculation_Engine!F177:G177),MAX(Calculation_Engine!F177:G177))} -> 233 | H206: {=INDEX(Raw_Data!$H$7:$S$18,MIN(Calculation_Engine!G177:H177),MAX(Calculation_Engine!G177:H177))} -> 233 | I206: {=INDEX(Raw_Data!$H$7:$S$18,MIN(Calculation_Engine!H177:I177),MAX(Calculation_Engine!H177:I177))} -> 0 | J206: {=INDEX(Raw_Data!$H$7:$S$18,MIN(Calculation_Engine!I177:J177),MAX(Calculation_Engine!I177:J177))} -> 0 | K206: {=INDEX(Raw_Data!$H$7:$S$18,MIN(Calculation_Engine!J177:K177),MAX(Calculation_Engine!J177:K177))} -> 0 | L206: =SUM(B206:K206) -> 932
A207: Paulina Mckinny | B207: 0 | C207: {=INDEX(Raw_Data!$H$7:$S$18,MIN(Calculation_Engine!B178:C178),MAX(Calculation_Engine!B178:C178))} -> 90 | D207: {=INDEX(Raw_Data!$H$7:$S$18,MIN(Calculation_Engine!C178:D178),MAX(Calculation_Engine!C178:D178))} -> 186 | E207: {=INDEX(Raw_Data!$H$7:$S$18,MIN(Calculation_Engine!D178:E178),MAX(Calculation_Engine!D178:E178))} -> 0 | F207: {=INDEX(Raw_Data!$H$7:$S$18,MIN(Calculation_Engine!E178:F178),MAX(Calculation_Engine!E178:F178))} -> 186 | G207: {=INDEX(Raw_Data!$H$7:$S$18,MIN(Calculation_Engine!F178:G178),MAX(Calculation_Engine!F178:G178))} -> 186 | H207: {=INDEX(Raw_Data!$H$7:$S$18,MIN(Calculation_Engine!G178:H178),MAX(Calculation_Engine!G178:H178))} -> 113 | I207: {=INDEX(Raw_Data!$H$7:$S$18,MIN(Calculation_Engine!H178:I178),MAX(Calculation_Engine!H178:I178))} -> 0 | J207: {=INDEX(Raw_Data!$H$7:$S$18,MIN(Calculation_Engine!I178:J178),MAX(Calculation_Engine!I178:J178))} -> 0 | K207: {=INDEX(Raw_Data!$H$7:$S$18,MIN(Calculation_Engine!J178:K178),MAX(Calculation_Engine!J178:K178))} -> 138 | L207: =SUM(B207:K207) -> 899
A208: Sulema Hyre | B208: 0 | C208: {=INDEX(Raw_Data!$H$7:$S$18,MIN(Calculation_Engine!B179:C179),MAX(Calculation_Engine!B179:C179))} -> 152 | D208: {=INDEX(Raw_Data!$H$7:$S$18,MIN(Calculation_Engine!C179:D179),MAX(Calculation_Engine!C179:D179))} -> 180 | E208: {=INDEX(Raw_Data!$H$7:$S$18,MIN(Calculation_Engine!D179:E179),MAX(Calculation_Engine!D179:E179))} -> 114 | F208: {=INDEX(Raw_Data!$H$7:$S$18,MIN(Calculation_Engine!E179:F179),MAX(Calculation_Engine!E179:F179))} -> 0 | G208: {=INDEX(Raw_Data!$H$7:$S$18,MIN(Calculation_Engine!F179:G179),MAX(Calculation_Engine!F179:G179))} -> 195 | H208: {=INDEX(Raw_Data!$H$7:$S$18,MIN(Calculation_Engine!G179:H179),MAX(Calculation_Engine!G179:H179))} -> 0 | I208: {=INDEX(Raw_Data!$H$7:$S$18,MIN(Calculation_Engine!H179:I179),MAX(Calculation_Engine!H179:I179))} -> 0 | J208: {=INDEX(Raw_Data!$H$7:$S$18,MIN(Calculation_Engine!I179:J179),MAX(Calculation_Engine!I179:J179))} -> 0 | K208: {=INDEX(Raw_Data!$H$7:$S$18,MIN(Calculation_Engine!J179:K179),MAX(Calculation_Engine!J179:K179))} -> 152 | L208: =SUM(B208:K208) -> 793
A209: Christin Gladding | B209: 0 | C209: {=INDEX(Raw_Data!$H$7:$S$18,MIN(Calculation_Engine!B180:C180),MAX(Calculation_Engine!B180:C180))} -> 168 | D209: {=INDEX(Raw_Data!$H$7:$S$18,MIN(Calculation_Engine!C180:D180),MAX(Calculation_Engine!C180:D180))} -> 133 | E209: {=INDEX(Raw_Data!$H$7:$S$18,MIN(Calculation_Engine!D180:E180),MAX(Calculation_Engine!D180:E180))} -> 238 | F209: {=INDEX(Raw_Data!$H$7:$S$18,MIN(Calculation_Engine!E180:F180),MAX(Calculation_Engine!E180:F180))} -> 0 | G209: {=INDEX(Raw_Data!$H$7:$S$18,MIN(Calculation_Engine!F180:G180),MAX(Calculation_Engine!F180:G180))} -> 235 | H209: {=INDEX(Raw_Data!$H$7:$S$18,MIN(Calculation_Engine!G180:H180),MAX(Calculation_Engine!G180:H180))} -> 0 | I209: {=INDEX(Raw_Data!$H$7:$S$18,MIN(Calculation_Engine!H180:I180),MAX(Calculation_Engine!H180:I180))} -> 0 | J209: {=INDEX(Raw_Data!$H$7:$S$18,MIN(Calculation_Engine!I180:J180),MAX(Calculation_Engine!I180:J180))} -> 0 | K209: {=INDEX(Raw_Data!$H$7:$S$18,MIN(Calculation_Engine!J180:K180),MAX(Calculation_Engine!J180:K180))} -> 168 | L209: =SUM(B209:K209) -> 942
A210: Ivelisse Ellenwood | B210: 0 | C210: {=INDEX(Raw_Data!$H$7:$S$18,MIN(Calculation_Engine!B181:C181),MAX(Calculation_Engine!B181:C181))} -> 233 | D210: {=INDEX(Raw_Data!$H$7:$S$18,MIN(Calculation_Engine!C181:D181),MAX(Calculation_Engine!C181:D181))} -> 233 | E210: {=INDEX(Raw_Data!$H$7:$S$18,MIN(Calculation_Engine!D181:E181),MAX(Calculation_Engine!D181:E181))} -> 208 | F210: {=INDEX(Raw_Data!$H$7:$S$18,MIN(Calculation_Engine!E181:F181),MAX(Calculation_Engine!E181:F181))} -> 0 | G210: {=INDEX(Raw_Data!$H$7:$S$18,MIN(Calculation_Engine!F181:G181),MAX(Calculation_Engine!F181:G181))} -> 85 | H210: {=INDEX(Raw_Data!$H$7:$S$18,MIN(Calculation_Engine!G181:H181),MAX(Calculation_Engine!G181:H181))} -> 0 | I210: {=INDEX(Raw_Data!$H$7:$S$18,MIN(Calculation_Engine!H181:I181),MAX(Calculation_Engine!H181:I181))} -> 0 | J210: {=INDEX(Raw_Data!$H$7:$S$18,MIN(Calculation_Engine!I181:J181),MAX(Calculation_Engine!I181:J181))} -> 0 | K210: {=INDEX(Raw_Data!$H$7:$S$18,MIN(Calculation_Engine!J181:K181),MAX(Calculation_Engine!J181:K181))} -> 233 | L210: =SUM(B210:K210) -> 992
...

Sheet Raw_Data
B5: Participantes | D5: Puntos de Inicio | G5: Viajes ($ de transportación)
B6: Gaynell Lehrman | D6: Clarkson Town | H6: Dome Rock | I6: Orange Grove | J6: Lemon Field | K6: Sunken Hill | L6: Falken Woods | M6: Cronberg Gorge | N6: Mulhalla Falls | O6: Matier Range | P6: Lake Guideon | Q6: Red Creek | R6: Clarkson Town | S6: Boiling Pools
B7: Meda Maddix | G7: Dome Rock | H7: 0 | I7: 138 | J7: 201 | K7: 167 | L7: 180 | M7: 96 | N7: 92 | O7: 113 | P7: 114 | Q7: 187 | R7: 118 | S7: 119
B8: Keri Wetzel | D8: Ubicaciones | G8: Orange Grove | I8: 0 | J8: 186 | K8: 90 | L8: 152 | M8: 233 | N8: 168 | O8: 232 | P8: 100 | Q8: 208 | R8: 150 | S8: 210
B9: Shaunte Osorio | D9: Dome Rock | E9: 1 | G9: Lemon Field | J9: 0 | K9: 218 | L9: 137 | M9: 150 | N9: 133 | O9: 140 | P9: 216 | Q9: 214 | R9: 238 | S9: 105
B10: Ivana Hage | D10: Orange Grove | E10: 2 | G10: Sunken Hill | K10: 0 | L10: 104 | M10: 152 | N10: 165 | O10: 186 | P10: 137 | Q10: 225 | R10: 218 | S10: 230
B11: Shavonda Spooner | D11: Lemon Field | E11: 3 | G11: Falken Woods | L11: 0 | M11: 167 | N11: 141 | O11: 197 | P11: 195 | Q11: 149 | R11: 172 | S11: 189
B12: Bette Priddy | D12: Sunken Hill | E12: 4 | G12: Cronberg Gorge | M12: 0 | N12: 112 | O12: 243 | P12: 205 | Q12: 85 | R12: 237 | S12: 129
B13: Paulina Mckinny | D13: Falken Woods | E13: 5 | G13: Mulhalla Falls | N13: 0 | O13: 201 | P13: 189 | Q13: 219 | R13: 235 | S13: 222
B14: Sulema Hyre | D14: Cronberg Gorge | E14: 6 | G14: Matier Range | O14: 0 | P14: 138 | Q14: 152 | R14: 164 | S14: 222
B15: Christin Gladding | D15: Mulhalla Falls | E15: 7 | G15: Lake Guideon | P15: 0 | Q15: 188 | R15: 85 | S15: 88
B16: Ivelisse Ellenwood | D16: Matier Range | E16: 8 | G16: Red Creek | Q16: 0 | R16: 175 | S16: 85
B17: Senaida Glanz | D17: Lake Guideon | E17: 9 | G17: Clarkson Town | R17: 0 | S17: 152
B18: Ute Volpe | D18: Red Creek | E18: 10 | G18: Boiling Pools | S18: 0
B19: Tiana Munoz | D19: Clarkson Town | E19: 11
B20: Simona Baumeister | D20: Boiling Pools | E20: 12
B21: Emmie Baugher
B22: Dorthey Magruder
B23: Katharina Housman
B24: Lue Rocheleau
B25: Jenniffer Berumen
B26: Lashanda Pangborn
B27: Amal Bunt
B28: Taisha Kauppi
B29: Marylynn Emmer
B32: Competidora 1 | C32: Competidora 2 | D32: Fecha | E32: Ubicación | G32: Ronda
B33: Gaynell Lehrman | C33: Ivana Hage | D33: 42958 | E33: Dome Rock | G33: Round 1
B34: Keri Wetzel | C34: Bette Priddy | D34: 42958 | E34: Orange Grove | G34: Round 2
B35: Meda Maddix | C35: Shavonda Spooner | D35: 42959 | E35: Lemon Field | G35: Round 3
B36: Shaunte Osorio | C36: Paulina Mckinny | D36: 42959 | E36: Sunken Hill | G36: Round 4
B37: Sulema Hyre | C37: Ute Volpe | D37: 42960 | E37: Falken Woods | G37: Round 1
B38: Ivelisse Ellenwood | C38: Simona Baumeister | D38: 42960 | E38: Cronberg Gorge | G38: Round 2
B39: Christin Gladding | C39: Tiana Munoz | D39: 42961 | E39: Mulhalla Falls | G39: Round 3
B40: Senaida Glanz | C40: Emmie Baugher | D40: 42961 | E40: Matier Range | G40: Round 4
B41: Dorthey Magruder | C41: Lashanda Pangborn | D41: 42962 | E41: Lake Guideon | G41: Round 1
B42: Lue Rocheleau | C42: Taisha Kauppi | D42: 42962 | E42: Red Creek | G42: Round 2
B43: Katharina Housman | C43: Amal Bunt | D43: 42963 | E43: Clarkson Town | G43: Round 3
B44: Jenniffer Berumen | C44: Marylynn Emmer | D44: 42963 | E44: Boiling Pools | G44: Round 4
... B99: Gaynell Lehrman | C99: Meda Maddix | D99: 42994 | E99: Mulhalla Falls | G99: Finals
